cycle,state,district,margin
1988,AK,00,23.32
1988,AL,01,24.74
1988,AL,02,24.96
1988,AL,03,21.91
1988,AL,04,14.66
1988,AL,05,18.31
1988,AL,06,14.49
1988,AL,07,18.25
1988,AR,01,2.97
1988,AR,02,13.66
1988,AR,03,32.28
1988,AR,04,5.12
1988,AZ,01,31.08
1988,AZ,02,-12.23
1988,AZ,03,29.88
1988,AZ,04,30.66
1988,AZ,05,11.9
1988,CA,01,-12.2
1988,CA,02,18.1
1988,CA,03,0.77
1988,CA,04,3.04
1988,CA,05,-44.02
1988,CA,06,-29.57
1988,CA,07,-7.86
1988,CA,08,-41.2
1988,CA,09,-15.16
1988,CA,10,-11.62
1988,CA,11,-17.31
1988,CA,12,0.29
1988,CA,13,-0.46
1988,CA,14,19.57
1988,CA,15,5.51
1988,CA,16,-9.93
1988,CA,17,18.81
1988,CA,18,-6.94
1988,CA,19,9.42
1988,CA,20,30.62
1988,CA,21,30.11
1988,CA,22,29.36
1988,CA,23,-12.93
1988,CA,24,-31.34
1988,CA,25,-35.88
1988,CA,26,-11.85
1988,CA,27,-10.37
1988,CA,28,-47.1
1988,CA,29,-61.36
1988,CA,30,-6.75
1988,CA,31,-30.43
1988,CA,32,0.8
1988,CA,33,26.15
1988,CA,34,-1.84
1988,CA,35,32.47
1988,CA,36,4.03
1988,CA,37,22.99
1988,CA,38,23.48
1988,CA,39,43.08
1988,CA,40,37.33
1988,CA,41,18.29
1988,CA,42,31.35
1988,CA,43,37.52
1988,CA,44,-4.29
1988,CA,45,33.61
1988,CO,01,-25.58
1988,CO,02,-2.42
1988,CO,03,5.85
1988,CO,04,11.55
1988,CO,05,36.26
1988,CO,06,14.94
1988,CT,01,-11.1
1988,CT,02,1.73
1988,CT,03,0.79
1988,CT,04,14.3
1988,CT,05,18.21
1988,CT,06,7.13
1988,DE,00,12.4
1988,FL,01,46.43
1988,FL,02,19.36
1988,FL,03,19.92
1988,FL,04,28.11
1988,FL,05,38.06
1988,FL,06,22.2
1988,FL,07,16.63
1988,FL,08,11.98
1988,FL,09,20.99
1988,FL,10,32.86
1988,FL,11,41.9
1988,FL,12,29.13
1988,FL,13,35.93
1988,FL,14,6.25
1988,FL,15,6.56
1988,FL,16,11.17
1988,FL,17,-18.28
1988,FL,18,16.07
1988,FL,19,17.82
1988,GA,01,20.43
1988,GA,02,18.31
1988,GA,03,15.05
1988,GA,04,18.08
1988,GA,05,-36.99
1988,GA,06,34.4
1988,GA,07,41.4
1988,GA,08,7.56
1988,GA,09,42.08
1988,GA,10,29.88
1988,HI,01,-9.1
1988,HI,02,-9.93
1988,IA,01,-10.26
1988,IA,02,-13.4
1988,IA,03,-13.94
1988,IA,04,-18.11
1988,IA,05,-4.32
1988,IA,06,0.05
1988,ID,01,20.33
1988,ID,02,32.9
1988,IL,01,-92.12
1988,IL,02,-70.62
1988,IL,03,17.29
1988,IL,04,11.3
1988,IL,05,3.78
1988,IL,06,37.27
1988,IL,07,-55.07
1988,IL,08,-18.11
1988,IL,09,-23.04
1988,IL,10,24.75
1988,IL,11,7.54
1988,IL,12,41.67
1988,IL,13,37.27
1988,IL,14,28.13
1988,IL,15,25.4
1988,IL,16,15.37
1988,IL,17,-5.89
1988,IL,18,9.55
1988,IL,19,8.87
1988,IL,20,1.61
1988,IL,21,-8.69
1988,IL,22,-3.76
1988,IN,01,-17.69
1988,IN,02,30.52
1988,IN,03,19.04
1988,IN,04,33.69
1988,IN,05,30.18
1988,IN,06,39.29
1988,IN,07,26.45
1988,IN,08,15.39
1988,IN,09,15.71
1988,IN,10,-3.03
1988,KS,01,22.93
1988,KS,02,7.32
1988,KS,03,9.78
1988,KS,04,12.23
1988,KS,05,14.04
1988,KY,01,1.99
1988,KY,02,17.07
1988,KY,03,-7.03
1988,KY,04,30.44
1988,KY,05,33.62
1988,KY,06,15.09
1988,KY,07,-11.29
1988,LA,01,41.9
1988,LA,02,-37.18
1988,LA,03,11.44
1988,LA,04,18.41
1988,LA,05,26.83
1988,LA,06,21.04
1988,LA,07,0.31
1988,LA,08,-7.46
1988,MA,01,-16.44
1988,MA,02,-5.28
1988,MA,03,1.04
1988,MA,04,-14.54
1988,MA,05,3.65
1988,MA,06,-2.06
1988,MA,07,-7.61
1988,MA,08,-32.7
1988,MA,09,-8.77
1988,MA,10,-2.67
1988,MA,11,-4.28
1988,MD,01,26.77
1988,MD,02,24.7
1988,MD,03,-8.94
1988,MD,04,15.46
1988,MD,05,-18.85
1988,MD,06,31.31
1988,MD,07,-63.94
1988,MD,08,-7.31
1988,ME,01,12.62
1988,ME,02,10.05
1988,MI,01,-78.68
1988,MI,02,16.1
1988,MI,03,8.44
1988,MI,04,27.11
1988,MI,05,28.82
1988,MI,06,15.13
1988,MI,07,-11.36
1988,MI,08,0.29
1988,MI,09,25.44
1988,MI,10,16.83
1988,MI,11,5.46
1988,MI,12,21.23
1988,MI,13,-72.46
1988,MI,14,11.85
1988,MI,15,8.58
1988,MI,16,7.47
1988,MI,17,-6.79
1988,MI,18,41.04
1988,MN,01,-1.65
1988,MN,02,2.56
1988,MN,03,9.85
1988,MN,04,-23.14
1988,MN,05,-32.37
1988,MN,06,-2.66
1988,MN,07,3.95
1988,MN,08,-21.8
1988,MO,01,-44.98
1988,MO,02,21.81
1988,MO,03,6.02
1988,MO,04,18.87
1988,MO,05,-21.33
1988,MO,06,0.09
1988,MO,07,23.04
1988,MO,08,9.97
1988,MO,09,8.83
1988,MS,01,19.36
1988,MS,02,-2.93
1988,MS,03,32.21
1988,MS,04,14.57
1988,MS,05,40.6
1988,MT,01,1.86
1988,MT,02,10.21
1988,NC,01,7.81
1988,NC,02,-0.52
1988,NC,03,15.42
1988,NC,04,11.41
1988,NC,05,20.67
1988,NC,06,21.75
1988,NC,07,2.79
1988,NC,08,23.78
1988,NC,09,22.36
1988,NC,10,30.92
1988,NC,11,18.84
1988,ND,00,13.06
1988,NE,01,12.53
1988,NE,02,16.11
1988,NE,03,35.22
1988,NH,01,28.48
1988,NH,02,23.74
1988,NJ,01,4.93
1988,NJ,02,17.52
1988,NJ,03,24.92
1988,NJ,04,11.66
1988,NJ,05,33.42
1988,NJ,06,6.52
1988,NJ,07,18.64
1988,NJ,08,8.94
1988,NJ,09,7.21
1988,NJ,10,-54.59
1988,NJ,11,29.68
1988,NJ,12,24.68
1988,NJ,13,23.6
1988,NJ,14,-10.2
1988,NM,01,8.36
1988,NM,02,17.64
1988,NM,03,-10.33
1988,NV,01,14.16
1988,NV,02,26.81
1988,NY,01,21.0
1988,NY,02,22.81
1988,NY,03,19.76
1988,NY,04,17.67
1988,NY,05,12.31
1988,NY,06,-44.74
1988,NY,07,-20.66
1988,NY,08,-18.54
1988,NY,09,-2.7
1988,NY,10,-13.01
1988,NY,11,-67.93
1988,NY,12,-80.82
1988,NY,13,-13.36
1988,NY,14,21.98
1988,NY,15,-33.6
1988,NY,16,-76.84
1988,NY,17,-58.18
1988,NY,18,-75.13
1988,NY,19,-8.58
1988,NY,20,3.46
1988,NY,21,23.79
1988,NY,22,14.07
1988,NY,23,-13.63
1988,NY,24,17.92
1988,NY,25,9.39
1988,NY,26,11.44
1988,NY,27,5.86
1988,NY,28,4.58
1988,NY,29,6.72
1988,NY,30,9.02
1988,NY,31,12.18
1988,NY,32,-3.0
1988,NY,33,-33.23
1988,NY,34,19.87
1988,OH,01,26.43
1988,OH,02,24.92
1988,OH,03,9.65
1988,OH,04,36.17
1988,OH,05,23.29
1988,OH,06,29.71
1988,OH,07,28.96
1988,OH,08,38.2
1988,OH,09,-7.68
1988,OH,10,22.45
1988,OH,11,10.6
1988,OH,12,23.39
1988,OH,13,7.87
1988,OH,14,-5.81
1988,OH,15,25.53
1988,OH,16,14.46
1988,OH,17,-24.09
1988,OH,18,-4.59
1988,OH,19,9.79
1988,OH,20,-14.54
1988,OH,21,-61.92
1988,OK,01,22.58
1988,OK,02,6.29
1988,OK,03,0.32
1988,OK,04,17.12
1988,OK,05,35.76
1988,OK,06,16.99
1988,OR,01,-4.23
1988,OR,02,11.15
1988,OR,03,-23.06
1988,OR,04,-9.56
1988,OR,05,2.19
1988,PA,01,-33.71
1988,PA,02,-83.22
1988,PA,03,2.25
1988,PA,04,-9.37
1988,PA,05,30.57
1988,PA,06,22.48
1988,PA,07,20.27
1988,PA,08,22.38
1988,PA,09,26.8
1988,PA,10,16.36
1988,PA,11,5.12
1988,PA,12,-5.47
1988,PA,13,12.95
1988,PA,14,-46.47
1988,PA,15,10.18
1988,PA,16,22.01
1988,PA,17,27.28
1988,PA,18,7.41
1988,PA,19,31.31
1988,PA,20,-30.42
1988,PA,21,-1.5
1988,PA,22,-30.02
1988,PA,23,13.9
1988,RI,01,-15.2
1988,RI,02,-8.49
1988,SC,01,23.09
1988,SC,02,21.13
1988,SC,03,32.94
1988,SC,04,35.33
1988,SC,05,19.63
1988,SC,06,11.96
1988,SD,00,6.34
1988,TN,01,36.67
1988,TN,02,28.32
1988,TN,03,24.64
1988,TN,04,15.54
1988,TN,05,4.59
1988,TN,06,20.89
1988,TN,07,34.58
1988,TN,08,12.85
1988,TN,09,-32.42
1988,TX,01,5.34
1988,TX,02,-0.18
1988,TX,03,49.38
1988,TX,04,22.15
1988,TX,05,-0.28
1988,TX,06,24.98
1988,TX,07,54.81
1988,TX,08,9.33
1988,TX,09,-5.75
1988,TX,10,-7.97
1988,TX,11,16.52
1988,TX,12,5.99
1988,TX,13,27.59
1988,TX,14,15.0
1988,TX,15,-25.88
1988,TX,16,-4.89
1988,TX,17,16.14
1988,TX,18,-50.39
1988,TX,19,33.76
1988,TX,20,-35.13
1988,TX,21,41.79
1988,TX,22,25.85
1988,TX,23,0.93
1988,TX,24,-5.27
1988,TX,25,-2.61
1988,TX,26,37.5
1988,TX,27,-7.37
1988,UT,01,45.48
1988,UT,02,18.59
1988,UT,03,39.95
1988,VA,01,21.75
1988,VA,02,19.71
1988,VA,03,26.83
1988,VA,04,10.47
1988,VA,05,25.02
1988,VA,06,23.5
1988,VA,07,32.2
1988,VA,08,20.91
1988,VA,09,8.63
1988,VA,10,14.38
1988,VT,00,3.52
1988,WA,01,-0.67
1988,WA,02,-0.66
1988,WA,03,-4.19
1988,WA,04,16.13
1988,WA,05,2.88
1988,WA,06,-2.2
1988,WA,07,-35.01
1988,WA,08,13.32
1988,WI,01,-3.03
1988,WI,02,-11.97
1988,WI,03,-5.65
1988,WI,04,-12.74
1988,WI,05,-28.53
1988,WI,06,8.89
1988,WI,07,-8.65
1988,WI,08,6.06
1988,WI,09,20.47
1988,WV,01,-2.87
1988,WV,02,3.24
1988,WV,03,-5.2
1988,WV,04,-16.17
1988,WY,00,22.52
1992,AK,00,9.17
1992,AL,01,14.92
1992,AL,02,17.62
1992,AL,03,5.87
1992,AL,04,1.06
1992,AL,05,3.26
1992,AL,06,38.51
1992,AL,07,-43.08
1992,AR,01,-26.95
1992,AR,02,-19.27
1992,AR,03,-0.69
1992,AR,04,-25.92
1992,AZ,01,6.69
1992,AZ,02,-22.62
1992,AZ,03,8.83
1992,AZ,04,11.57
1992,AZ,05,-4.23
1992,AZ,06,0.11
1992,CA,01,-17.84
1992,CA,02,2.9
1992,CA,03,-3.74
1992,CA,04,6.78
1992,CA,05,-19.68
1992,CA,06,-32.1
1992,CA,07,-38.9
1992,CA,08,-59.17
1992,CA,09,-65.53
1992,CA,10,-6.69
1992,CA,11,-2.09
1992,CA,12,-30.47
1992,CA,13,-28.5
1992,CA,14,-26.56
1992,CA,15,-15.78
1992,CA,16,-25.04
1992,CA,17,-25.2
1992,CA,18,-3.53
1992,CA,19,5.38
1992,CA,20,-9.42
1992,CA,21,13.87
1992,CA,22,-5.65
1992,CA,23,-3.94
1992,CA,24,-18.25
1992,CA,25,2.88
1992,CA,26,-32.35
1992,CA,27,-7.66
1992,CA,28,3.48
1992,CA,29,-45.77
1992,CA,30,-38.13
1992,CA,31,-19.3
1992,CA,32,-64.9
1992,CA,33,-39.08
1992,CA,34,-19.7
1992,CA,35,-64.54
1992,CA,36,-5.67
1992,CA,37,-57.67
1992,CA,38,-11.02
1992,CA,39,9.68
1992,CA,40,4.61
1992,CA,41,7.66
1992,CA,42,-12.99
1992,CA,43,0.39
1992,CA,44,-4.82
1992,CA,45,10.02
1992,CA,46,2.77
1992,CA,47,14.79
1992,CA,48,14.92
1992,CA,49,-11.79
1992,CA,50,-18.6
1992,CA,51,7.98
1992,CA,52,2.94
1992,CO,01,-29.7
1992,CO,02,-14.63
1992,CO,03,-5.6
1992,CO,04,0.95
1992,CO,05,21.45
1992,CO,06,1.04
1992,CT,01,-19.17
1992,CT,02,-12.91
1992,CT,03,-9.2
1992,CT,04,0.36
1992,CT,05,6.49
1992,CT,06,-4.0
1992,DE,00,-8.19
1992,FL,01,25.39
1992,FL,02,-3.29
1992,FL,03,-27.0
1992,FL,04,22.97
1992,FL,05,-7.39
1992,FL,06,16.08
1992,FL,07,10.3
1992,FL,08,15.4
1992,FL,09,6.94
1992,FL,10,-3.8
1992,FL,11,-1.96
1992,FL,12,11.16
1992,FL,13,8.11
1992,FL,14,14.79
1992,FL,15,12.47
1992,FL,16,3.76
1992,FL,17,-54.4
1992,FL,18,24.1
1992,FL,19,-23.51
1992,FL,20,-13.3
1992,FL,21,26.95
1992,FL,22,-7.34
1992,FL,23,-39.16
1992,GA,01,8.97
1992,GA,02,-30.31
1992,GA,03,11.48
1992,GA,04,5.73
1992,GA,05,-42.38
1992,GA,06,26.2
1992,GA,07,8.02
1992,GA,08,4.61
1992,GA,09,13.5
1992,GA,10,8.2
1992,GA,11,-42.4
1992,HI,01,-8.38
1992,HI,02,-14.36
1992,IA,01,-11.83
1992,IA,02,-9.27
1992,IA,03,-8.98
1992,IA,04,-3.68
1992,IA,05,4.17
1992,ID,01,10.6
1992,ID,02,16.81
1992,IL,01,-68.61
1992,IL,02,-67.02
1992,IL,03,-2.16
1992,IL,04,-41.99
1992,IL,05,-18.17
1992,IL,06,13.57
1992,IL,07,-63.19
1992,IL,08,17.0
1992,IL,09,-34.38
1992,IL,10,-1.63
1992,IL,11,-7.4
1992,IL,12,-25.65
1992,IL,13,14.65
1992,IL,14,9.35
1992,IL,15,-3.76
1992,IL,16,5.32
1992,IL,17,-10.79
1992,IL,18,-1.22
1992,IL,19,-12.83
1992,IL,20,-12.81
1992,IN,01,-21.88
1992,IN,02,8.28
1992,IN,03,4.28
1992,IN,04,15.11
1992,IN,05,14.24
1992,IN,06,34.26
1992,IN,07,14.52
1992,IN,08,-2.78
1992,IN,09,-0.23
1992,IN,10,-11.24
1992,KS,01,14.25
1992,KS,02,0.17
1992,KS,03,-0.73
1992,KS,04,7.06
1992,KY,01,-8.21
1992,KY,02,3.45
1992,KY,03,-13.43
1992,KY,04,5.12
1992,KY,05,-6.0
1992,KY,06,1.44
1992,LA,01,24.18
1992,LA,02,-43.68
1992,LA,03,-3.44
1992,LA,04,-40.82
1992,LA,05,11.8
1992,LA,06,16.13
1992,LA,07,-8.78
1992,MA,01,-21.29
1992,MA,02,-17.14
1992,MA,03,-14.17
1992,MA,04,-24.35
1992,MA,05,-10.23
1992,MA,06,-12.15
1992,MA,07,-20.79
1992,MA,08,-47.78
1992,MA,09,-16.6
1992,MA,10,-10.0
1992,MD,01,6.34
1992,MD,02,8.36
1992,MD,03,-21.3
1992,MD,04,-55.11
1992,MD,05,-5.08
1992,MD,06,14.3
1992,MD,07,-61.62
1992,MD,08,-17.77
1992,ME,01,-8.08
1992,ME,02,-8.72
1992,MI,01,-6.26
1992,MI,02,11.27
1992,MI,03,12.3
1992,MI,04,-0.71
1992,MI,05,-12.58
1992,MI,06,-1.36
1992,MI,07,-0.24
1992,MI,08,-4.79
1992,MI,09,-9.66
1992,MI,10,5.5
1992,MI,11,10.02
1992,MI,12,-1.41
1992,MI,13,-15.29
1992,MI,14,-64.2
1992,MI,15,-69.87
1992,MI,16,-7.15
1992,MN,01,-4.04
1992,MN,02,-1.92
1992,MN,03,-3.42
1992,MN,04,-23.88
1992,MN,05,-34.63
1992,MN,06,-6.05
1992,MN,07,-0.27
1992,MN,08,-20.0
1992,MO,01,-49.17
1992,MO,02,3.82
1992,MO,03,-12.49
1992,MO,04,0.71
1992,MO,05,-26.09
1992,MO,06,-7.71
1992,MO,07,8.4
1992,MO,08,-8.57
1992,MO,09,-7.26
1992,MS,01,8.08
1992,MS,02,-21.04
1992,MS,03,24.73
1992,MS,04,9.13
1992,MS,05,22.41
1992,MT,00,-2.51
1992,NC,01,-31.3
1992,NC,02,5.1
1992,NC,03,7.87
1992,NC,04,-7.73
1992,NC,05,0.59
1992,NC,06,18.92
1992,NC,07,-0.72
1992,NC,08,2.43
1992,NC,09,19.71
1992,NC,10,21.54
1992,NC,11,-0.48
1992,NC,12,-40.31
1992,ND,00,12.03
1992,NE,01,10.59
1992,NE,02,14.99
1992,NE,03,26.04
1992,NH,01,1.2
1992,NH,02,-3.66
1992,NJ,01,-16.35
1992,NJ,02,-1.61
1992,NJ,03,-0.32
1992,NJ,04,1.72
1992,NJ,05,15.72
1992,NJ,06,-4.95
1992,NJ,07,3.45
1992,NJ,08,-3.12
1992,NJ,09,-7.83
1992,NJ,10,-50.74
1992,NJ,11,18.81
1992,NJ,12,3.04
1992,NJ,13,-17.41
1992,NM,01,-7.01
1992,NM,02,-1.1
1992,NM,03,-17.37
1992,NV,01,-12.55
1992,NV,02,5.48
1992,NY,01,1.69
1992,NY,02,0.58
1992,NY,03,-1.72
1992,NY,04,-5.43
1992,NY,05,-17.01
1992,NY,06,-57.21
1992,NY,07,-20.76
1992,NY,08,-60.06
1992,NY,09,-26.37
1992,NY,10,-70.63
1992,NY,11,-77.3
1992,NY,12,-42.43
1992,NY,13,8.56
1992,NY,14,-46.24
1992,NY,15,-75.21
1992,NY,16,-66.08
1992,NY,17,-56.75
1992,NY,18,-9.79
1992,NY,19,1.93
1992,NY,20,-3.68
1992,NY,21,-14.17
1992,NY,22,5.85
1992,NY,23,2.8
1992,NY,24,0.55
1992,NY,25,-4.91
1992,NY,26,-9.55
1992,NY,27,9.23
1992,NY,28,-5.72
1992,NY,29,-6.45
1992,NY,30,-17.57
1992,NY,31,6.09
1992,OH,01,-0.06
1992,OH,02,24.08
1992,OH,03,-1.33
1992,OH,04,15.75
1992,OH,05,7.46
1992,OH,06,1.08
1992,OH,07,11.39
1992,OH,08,17.84
1992,OH,09,-14.73
1992,OH,10,-5.66
1992,OH,11,-57.09
1992,OH,12,0.96
1992,OH,13,-2.16
1992,OH,14,-14.42
1992,OH,15,9.53
1992,OH,16,1.44
1992,OH,17,-24.27
1992,OH,18,-8.95
1992,OH,19,-2.58
1992,OK,01,19.63
1992,OK,02,-6.63
1992,OK,03,-7.78
1992,OK,04,8.47
1992,OK,05,26.73
1992,OK,06,8.59
1992,OR,01,-12.08
1992,OR,02,3.32
1992,OR,03,-26.79
1992,OR,04,-10.11
1992,OR,05,-4.57
1992,PA,01,-53.83
1992,PA,02,-65.99
1992,PA,03,-20.7
1992,PA,04,-17.26
1992,PA,05,5.26
1992,PA,06,5.18
1992,PA,07,4.63
1992,PA,08,-0.92
1992,PA,09,15.05
1992,PA,10,3.3
1992,PA,11,-3.39
1992,PA,12,-13.67
1992,PA,13,-4.12
1992,PA,14,-31.77
1992,PA,15,-4.97
1992,PA,16,16.13
1992,PA,17,18.32
1992,PA,18,-21.4
1992,PA,19,13.36
1992,PA,20,-21.68
1992,PA,21,-10.51
1992,RI,01,-20.01
1992,RI,02,-16.21
1992,SC,01,20.08
1992,SC,02,16.22
1992,SC,03,16.6
1992,SC,04,21.74
1992,SC,05,2.58
1992,SC,06,-30.53
1992,SD,00,3.52
1992,TN,01,15.1
1992,TN,02,6.72
1992,TN,03,-0.02
1992,TN,04,-7.87
1992,TN,05,-15.63
1992,TN,06,-7.3
1992,TN,07,10.01
1992,TN,08,-5.61
1992,TN,09,-36.29
1992,TX,01,-0.56
1992,TX,02,-7.14
1992,TX,03,27.3
1992,TX,04,12.88
1992,TX,05,-6.12
1992,TX,06,22.16
1992,TX,07,35.55
1992,TX,08,31.91
1992,TX,09,-7.99
1992,TX,10,-16.53
1992,TX,11,4.94
1992,TX,12,-3.01
1992,TX,13,6.94
1992,TX,14,3.55
1992,TX,15,-18.41
1992,TX,16,-15.6
1992,TX,17,6.07
1992,TX,18,-43.71
1992,TX,19,36.7
1992,TX,20,-13.9
1992,TX,21,26.38
1992,TX,22,23.21
1992,TX,23,-1.09
1992,TX,24,-7.94
1992,TX,25,-11.18
1992,TX,26,26.04
1992,TX,27,-11.94
1992,TX,28,-24.81
1992,TX,29,-21.51
1992,TX,30,-40.96
1992,UT,01,26.2
1992,UT,02,7.5
1992,UT,03,23.57
1992,VA,01,15.72
1992,VA,02,12.68
1992,VA,03,-39.55
1992,VA,04,6.84
1992,VA,05,5.98
1992,VA,06,12.05
1992,VA,07,24.36
1992,VA,08,-13.98
1992,VA,09,-2.44
1992,VA,10,16.56
1992,VA,11,0.49
1992,VT,00,-15.7
1992,WA,01,-9.97
1992,WA,02,-6.71
1992,WA,03,-8.85
1992,WA,04,7.84
1992,WA,05,-3.81
1992,WA,06,-11.79
1992,WA,07,-47.11
1992,WA,08,-3.95
1992,WA,09,-11.0
1992,WI,01,-5.65
1992,WI,02,-18.56
1992,WI,03,-10.41
1992,WI,04,-2.57
1992,WI,05,-25.93
1992,WI,06,6.19
1992,WI,07,-8.65
1992,WI,08,4.77
1992,WI,09,18.33
1992,WV,01,-11.22
1992,WV,02,-5.98
1992,WV,03,-23.16
1992,WY,00,5.58
1996,AK,00,17.53
1996,AL,01,13.74
1996,AL,02,18.67
1996,AL,03,4.84
1996,AL,04,4.75
1996,AL,05,5.8
1996,AL,06,40.63
1996,AL,07,-46.29
1996,AR,01,-25.31
1996,AR,02,-18.33
1996,AR,03,1.38
1996,AR,04,-28.77
1996,AZ,01,0.62
1996,AZ,02,-35.35
1996,AZ,03,6.35
1996,AZ,04,4.76
1996,AZ,05,-3.51
1996,AZ,06,-2.65
1996,CA,01,-12.78
1996,CA,02,14.77
1996,CA,03,-0.81
1996,CA,04,13.46
1996,CA,05,-23.26
1996,CA,06,-28.3
1996,CA,07,-40.51
1996,CA,08,-48.02
1996,CA,09,-62.5
1996,CA,10,-5.61
1996,CA,11,-0.44
1996,CA,12,-49.07
1996,CA,13,-34.77
1996,CA,14,-27.0
1996,CA,15,-17.48
1996,CA,16,-32.37
1996,CA,17,-23.0
1996,CA,18,-0.79
1996,CA,19,12.07
1996,CA,20,-11.55
1996,CA,21,22.05
1996,CA,22,0.21
1996,CA,23,-3.69
1996,CA,24,-15.23
1996,CA,25,6.23
1996,CA,26,-40.4
1996,CA,27,-8.51
1996,CA,28,-1.2
1996,CA,29,-42.96
1996,CA,30,-51.21
1996,CA,31,-39.57
1996,CA,32,-69.25
1996,CA,33,-65.72
1996,CA,34,-36.29
1996,CA,35,-72.91
1996,CA,36,-5.29
1996,CA,37,-68.76
1996,CA,38,-17.07
1996,CA,39,6.96
1996,CA,40,11.11
1996,CA,41,3.32
1996,CA,42,-17.86
1996,CA,43,2.5
1996,CA,44,0.53
1996,CA,45,12.57
1996,CA,46,-8.15
1996,CA,47,17.77
1996,CA,48,21.77
1996,CA,49,-8.56
1996,CA,50,-27.36
1996,CA,51,13.2
1996,CA,52,6.39
1996,CO,01,-30.62
1996,CO,02,-9.9
1996,CO,03,2.28
1996,CO,04,8.18
1996,CO,05,26.26
1996,CO,06,6.43
1996,CT,01,-29.52
1996,CT,02,-21.23
1996,CT,03,-25.63
1996,CT,04,-11.38
1996,CT,05,-7.77
1996,CT,06,-13.37
1996,DE,00,-15.23
1996,FL,01,28.09
1996,FL,02,-6.31
1996,FL,03,-23.57
1996,FL,04,19.61
1996,FL,05,-12.87
1996,FL,06,11.42
1996,FL,07,3.46
1996,FL,08,3.48
1996,FL,09,0.25
1996,FL,10,-13.14
1996,FL,11,-12.25
1996,FL,12,3.32
1996,FL,13,3.54
1996,FL,14,13.02
1996,FL,15,5.22
1996,FL,16,-5.27
1996,FL,17,-72.49
1996,FL,18,8.66
1996,FL,19,-37.29
1996,FL,20,-27.8
1996,FL,21,5.85
1996,FL,22,-16.63
1996,FL,23,-55.57
1996,GA,01,3.36
1996,GA,02,-5.69
1996,GA,03,7.96
1996,GA,04,-32.5
1996,GA,05,-51.54
1996,GA,06,28.25
1996,GA,07,11.14
1996,GA,08,-2.85
1996,GA,09,19.74
1996,GA,10,-2.42
1996,GA,11,17.19
1996,HI,01,-23.18
1996,HI,02,-27.28
1996,IA,01,-17.35
1996,IA,02,-15.57
1996,IA,03,-11.42
1996,IA,04,-7.72
1996,IA,05,0.78
1996,ID,01,16.51
1996,ID,02,20.87
1996,IL,01,-75.03
1996,IL,02,-74.52
1996,IL,03,-16.59
1996,IL,04,-66.21
1996,IL,05,-33.55
1996,IL,06,5.71
1996,IL,07,-69.17
1996,IL,08,8.88
1996,IL,09,-43.2
1996,IL,10,-6.58
1996,IL,11,-13.0
1996,IL,12,-22.43
1996,IL,13,8.65
1996,IL,14,6.41
1996,IL,15,-0.5
1996,IL,16,5.21
1996,IL,17,-13.1
1996,IL,18,2.34
1996,IL,19,-6.52
1996,IL,20,-6.57
1996,IN,01,-27.09
1996,IN,02,3.93
1996,IN,03,2.37
1996,IN,04,17.21
1996,IN,05,13.06
1996,IN,06,35.02
1996,IN,07,17.11
1996,IN,08,-1.45
1996,IN,09,-0.67
1996,IN,10,-17.02
1996,KS,01,33.83
1996,KS,02,9.78
1996,KS,03,8.26
1996,KS,04,21.25
1996,KY,01,-3.92
1996,KY,02,7.95
1996,KY,03,-12.98
1996,KY,04,8.71
1996,KY,05,-3.94
1996,KY,06,-0.89
1996,LA,01,19.1
1996,LA,02,-59.31
1996,LA,03,-11.1
1996,LA,04,-12.72
1996,LA,05,-6.79
1996,LA,06,-7.1
1996,LA,07,-18.05
1996,MA,01,-35.1
1996,MA,02,-33.58
1996,MA,03,-30.25
1996,MA,04,-37.57
1996,MA,05,-26.77
1996,MA,06,-28.2
1996,MA,07,-36.78
1996,MA,08,-59.17
1996,MA,09,-33.37
1996,MA,10,-22.49
1996,MD,01,4.34
1996,MD,02,10.17
1996,MD,03,-24.6
1996,MD,04,-65.05
1996,MD,05,-9.49
1996,MD,06,13.78
1996,MD,07,-66.38
1996,MD,08,-19.53
1996,ME,01,-20.25
1996,ME,02,-21.54
1996,MI,01,-6.65
1996,MI,02,9.36
1996,MI,03,14.25
1996,MI,04,-6.02
1996,MI,05,-24.08
1996,MI,06,-1.56
1996,MI,07,-2.47
1996,MI,08,-8.72
1996,MI,09,-2.87
1996,MI,10,-9.95
1996,MI,11,-0.97
1996,MI,12,-13.8
1996,MI,13,-25.43
1996,MI,14,-74.9
1996,MI,15,-77.13
1996,MI,16,-19.57
1996,MN,01,-11.79
1996,MN,02,-5.85
1996,MN,03,-5.32
1996,MN,04,-28.62
1996,MN,05,-37.9
1996,MN,06,-15.38
1996,MN,07,-4.93
1996,MN,08,-21.59
1996,MO,01,-55.25
1996,MO,02,8.2
1996,MO,03,-9.24
1996,MO,04,4.66
1996,MO,05,-25.96
1996,MO,06,-4.11
1996,MO,07,14.26
1996,MO,08,-2.19
1996,MO,09,-2.06
1996,MS,01,6.26
1996,MS,02,-27.57
1996,MS,03,22.54
1996,MS,04,1.92
1996,MS,05,20.92
1996,MT,00,2.88
1996,NC,01,-31.06
1996,NC,02,9.58
1996,NC,03,13.28
1996,NC,04,-3.64
1996,NC,05,9.6
1996,NC,06,25.2
1996,NC,07,4.75
1996,NC,08,6.1
1996,NC,09,17.08
1996,NC,10,29.13
1996,NC,11,4.21
1996,NC,12,-42.65
1996,ND,00,6.81
1996,NE,01,11.66
1996,NE,02,14.47
1996,NE,03,30.14
1996,NH,01,-8.13
1996,NH,02,-11.86
1996,NJ,01,-31.86
1996,NJ,02,-14.33
1996,NJ,03,-12.37
1996,NJ,04,-13.75
1996,NJ,05,4.51
1996,NJ,06,-21.21
1996,NJ,07,-11.04
1996,NJ,08,-23.36
1996,NJ,09,-29.3
1996,NJ,10,-70.09
1996,NJ,11,7.08
1996,NJ,12,-6.32
1996,NJ,13,-49.57
1996,NM,01,-5.49
1996,NM,02,-1.69
1996,NM,03,-14.33
1996,NV,01,-14.14
1996,NV,02,7.22
1996,NY,01,-14.75
1996,NY,02,-19.86
1996,NY,03,-15.24
1996,NY,04,-20.9
1996,NY,05,-27.76
1996,NY,06,-75.56
1996,NY,07,-42.54
1996,NY,08,-61.27
1996,NY,09,-38.36
1996,NY,10,-83.86
1996,NY,11,-84.3
1996,NY,12,-73.98
1996,NY,13,-11.33
1996,NY,14,-47.49
1996,NY,15,-85.7
1996,NY,16,-90.74
1996,NY,17,-75.27
1996,NY,18,-23.03
1996,NY,19,-7.5
1996,NY,20,-17.06
1996,NY,21,-27.2
1996,NY,22,-4.85
1996,NY,23,-6.58
1996,NY,24,-14.54
1996,NY,25,-12.74
1996,NY,26,-16.46
1996,NY,27,-0.17
1996,NY,28,-19.37
1996,NY,29,-16.16
1996,NY,30,-28.41
1996,NY,31,-3.15
1996,OH,01,-6.42
1996,OH,02,23.88
1996,OH,03,-8.83
1996,OH,04,12.55
1996,OH,05,2.21
1996,OH,06,-1.89
1996,OH,07,6.17
1996,OH,08,15.04
1996,OH,09,-21.88
1996,OH,10,-15.28
1996,OH,11,-65.31
1996,OH,12,-1.53
1996,OH,13,-7.33
1996,OH,14,-19.98
1996,OH,15,3.47
1996,OH,16,-0.65
1996,OH,17,-30.84
1996,OH,18,-11.28
1996,OH,19,-9.53
1996,OK,01,17.0
1996,OK,02,-7.68
1996,OK,03,-7.59
1996,OK,04,8.91
1996,OK,05,27.82
1996,OK,06,5.96
1996,OR,01,-11.38
1996,OR,02,9.96
1996,OR,03,-29.31
1996,OR,04,-4.98
1996,OR,05,-5.98
1996,PA,01,-71.27
1996,PA,02,-76.38
1996,PA,03,-33.42
1996,PA,04,-4.63
1996,PA,05,5.89
1996,PA,06,2.98
1996,PA,07,-1.64
1996,PA,08,-3.39
1996,PA,09,16.8
1996,PA,10,-1.93
1996,PA,11,-10.21
1996,PA,12,-6.19
1996,PA,13,-7.39
1996,PA,14,-26.0
1996,PA,15,-5.13
1996,PA,16,15.84
1996,PA,17,16.35
1996,PA,18,-13.25
1996,PA,19,14.54
1996,PA,20,-11.13
1996,PA,21,-8.62
1996,RI,01,-34.97
1996,RI,02,-30.97
1996,SC,01,17.15
1996,SC,02,12.05
1996,SC,03,15.45
1996,SC,04,18.99
1996,SC,05,0.6
1996,SC,06,-34.54
1996,SD,00,3.46
1996,TN,01,17.35
1996,TN,02,9.5
1996,TN,03,0.51
1996,TN,04,-1.0
1996,TN,05,-16.73
1996,TN,06,2.12
1996,TN,07,13.0
1996,TN,08,-6.68
1996,TN,09,-44.6
1996,TX,01,1.33
1996,TX,02,-0.28
1996,TX,03,27.27
1996,TX,04,20.92
1996,TX,05,-0.74
1996,TX,06,27.47
1996,TX,07,38.48
1996,TX,08,39.87
1996,TX,09,-3.64
1996,TX,10,-14.4
1996,TX,11,8.11
1996,TX,12,-0.81
1996,TX,13,13.45
1996,TX,14,7.99
1996,TX,15,-25.88
1996,TX,16,-31.01
1996,TX,17,11.72
1996,TX,18,-49.59
1996,TX,19,41.17
1996,TX,20,-24.81
1996,TX,21,33.57
1996,TX,22,18.77
1996,TX,23,-6.41
1996,TX,24,-14.29
1996,TX,25,-6.95
1996,TX,26,32.64
1996,TX,27,-19.58
1996,TX,28,-30.81
1996,TX,29,-27.78
1996,TX,30,-44.43
1996,UT,01,29.51
1996,UT,02,6.41
1996,UT,03,28.72
1996,VA,01,12.13
1996,VA,02,3.85
1996,VA,03,-49.89
1996,VA,04,0.75
1996,VA,05,5.17
1996,VA,06,9.65
1996,VA,07,23.36
1996,VA,08,-14.45
1996,VA,09,-2.96
1996,VA,10,15.86
1996,VA,11,-1.81
1996,VT,00,-22.26
1996,WA,01,-13.52
1996,WA,02,-7.46
1996,WA,03,-10.45
1996,WA,04,8.42
1996,WA,05,-0.7
1996,WA,06,-14.14
1996,WA,07,-47.33
1996,WA,08,-6.54
1996,WA,09,-15.41
1996,WI,01,-12.15
1996,WI,02,-21.81
1996,WI,03,-15.72
1996,WI,04,-9.1
1996,WI,05,-33.72
1996,WI,06,-3.48
1996,WI,07,-13.67
1996,WI,08,-4.31
1996,WI,09,14.89
1996,WV,01,-11.09
1996,WV,02,-8.82
1996,WV,03,-25.73
1996,WY,00,12.98
2000,AK,00,30.95
2000,AL,01,22.43
2000,AL,02,27.39
2000,AL,03,15.5
2000,AL,04,20.35
2000,AL,05,12.24
2000,AL,06,40.57
2000,AL,07,-46.05
2000,AR,01,-3.26
2000,AR,02,1.42
2000,AR,03,22.16
2000,AR,04,-2.93
2000,AZ,01,7.34
2000,AZ,02,-27.69
2000,AZ,03,15.94
2000,AZ,04,8.47
2000,AZ,05,2.46
2000,AZ,06,11.4
2000,CA,01,-9.03
2000,CA,02,25.05
2000,CA,03,7.48
2000,CA,04,21.15
2000,CA,05,-20.12
2000,CA,06,-31.86
2000,CA,07,-41.86
2000,CA,08,-62.14
2000,CA,09,-66.61
2000,CA,10,-6.5
2000,CA,11,3.06
2000,CA,12,-40.04
2000,CA,13,-36.78
2000,CA,14,-29.94
2000,CA,15,-18.91
2000,CA,16,-32.55
2000,CA,17,-26.59
2000,CA,18,8.66
2000,CA,19,19.4
2000,CA,20,-2.03
2000,CA,21,30.38
2000,CA,22,4.24
2000,CA,23,-1.26
2000,CA,24,-20.23
2000,CA,25,6.78
2000,CA,26,-44.97
2000,CA,27,-11.97
2000,CA,28,-2.08
2000,CA,29,-49.8
2000,CA,30,-55.66
2000,CA,31,-41.88
2000,CA,32,-70.39
2000,CA,33,-67.7
2000,CA,34,-37.76
2000,CA,35,-73.89
2000,CA,36,-6.39
2000,CA,37,-68.08
2000,CA,38,-20.63
2000,CA,39,9.54
2000,CA,40,16.68
2000,CA,41,3.65
2000,CA,42,-17.66
2000,CA,43,7.92
2000,CA,44,2.45
2000,CA,45,15.72
2000,CA,46,-11.78
2000,CA,47,18.63
2000,CA,48,24.7
2000,CA,49,-11.12
2000,CA,50,-21.76
2000,CA,51,14.65
2000,CA,52,13.22
2000,CO,01,-29.15
2000,CO,02,-6.14
2000,CO,03,14.47
2000,CO,04,18.7
2000,CO,05,31.27
2000,CO,06,8.01
2000,CT,01,-29.9
2000,CT,02,-17.91
2000,CT,03,-26.33
2000,CT,04,-13.83
2000,CT,05,-6.51
2000,CT,06,-10.69
2000,DE,00,-13.06
2000,FL,01,37.94
2000,FL,02,0.96
2000,FL,03,-19.46
2000,FL,04,27.44
2000,FL,05,-3.77
2000,FL,06,20.8
2000,FL,07,3.03
2000,FL,08,1.65
2000,FL,09,7.53
2000,FL,10,-8.97
2000,FL,11,-8.5
2000,FL,12,12.55
2000,FL,13,7.38
2000,FL,14,21.09
2000,FL,15,9.3
2000,FL,16,-2.92
2000,FL,17,-69.16
2000,FL,18,23.55
2000,FL,19,-38.96
2000,FL,20,-26.89
2000,FL,21,25.91
2000,FL,22,-19.09
2000,FL,23,-58.95
2000,GA,01,15.1
2000,GA,02,8.68
2000,GA,03,14.51
2000,GA,04,-39.07
2000,GA,05,-51.9
2000,GA,06,33.61
2000,GA,07,21.78
2000,GA,08,14.61
2000,GA,09,41.3
2000,GA,10,10.28
2000,GA,11,29.54
2000,HI,01,-16.06
2000,HI,02,-19.92
2000,IA,01,-10.53
2000,IA,02,-5.95
2000,IA,03,1.4
2000,IA,04,2.08
2000,IA,05,12.68
2000,ID,01,38.04
2000,ID,02,41.34
2000,IL,01,-76.46
2000,IL,02,-77.54
2000,IL,03,-14.05
2000,IL,04,-59.44
2000,IL,05,-29.56
2000,IL,06,7.37
2000,IL,07,-68.79
2000,IL,08,13.72
2000,IL,09,-43.33
2000,IL,10,-8.3
2000,IL,11,-8.47
2000,IL,12,-12.15
2000,IL,13,12.46
2000,IL,14,13.12
2000,IL,15,8.82
2000,IL,16,11.6
2000,IL,17,-5.44
2000,IL,18,11.87
2000,IL,19,11.55
2000,IL,20,6.31
2000,IN,01,-21.06
2000,IN,02,15.12
2000,IN,03,13.54
2000,IN,04,29.07
2000,IN,05,24.56
2000,IN,06,40.03
2000,IN,07,25.78
2000,IN,08,15.33
2000,IN,09,17.83
2000,IN,10,-21.96
2000,KS,01,38.46
2000,KS,02,14.2
2000,KS,03,10.47
2000,KS,04,22.49
2000,KY,01,17.16
2000,KY,02,26.59
2000,KY,03,-5.11
2000,KY,04,23.78
2000,KY,05,15.4
2000,KY,06,13.86
2000,LA,01,30.76
2000,LA,02,-58.01
2000,LA,03,8.58
2000,LA,04,11.03
2000,LA,05,20.68
2000,LA,06,9.85
2000,LA,07,13.12
2000,MA,01,-23.73
2000,MA,02,-24.08
2000,MA,03,-23.18
2000,MA,04,-32.85
2000,MA,05,-19.98
2000,MA,06,-21.83
2000,MA,07,-33.93
2000,MA,08,-51.11
2000,MA,09,-35.42
2000,MA,10,-16.6
2000,MD,01,8.4
2000,MD,02,13.84
2000,MD,03,-29.08
2000,MD,04,-70.83
2000,MD,05,-13.61
2000,MD,06,19.79
2000,MD,07,-69.76
2000,MD,08,-24.04
2000,ME,01,-7.93
2000,ME,02,-1.87
2000,MI,01,10.3
2000,MI,02,21.2
2000,MI,03,20.98
2000,MI,04,8.15
2000,MI,05,-7.51
2000,MI,06,5.95
2000,MI,07,5.68
2000,MI,08,-3.21
2000,MI,09,-7.01
2000,MI,10,0.31
2000,MI,11,-0.38
2000,MI,12,-10.53
2000,MI,13,-19.69
2000,MI,14,-77.09
2000,MI,15,-74.77
2000,MI,16,-9.82
2000,MN,01,1.68
2000,MN,02,13.5
2000,MN,03,4.51
2000,MN,04,-19.98
2000,MN,05,-34.46
2000,MN,06,1.97
2000,MN,07,14.65
2000,MN,08,-5.35
2000,MO,01,-58.04
2000,MO,02,11.41
2000,MO,03,-4.47
2000,MO,04,18.78
2000,MO,05,-25.53
2000,MO,06,8.49
2000,MO,07,27.29
2000,MO,08,19.97
2000,MO,09,11.38
2000,MS,01,22.14
2000,MS,02,-20.05
2000,MS,03,33.58
2000,MS,04,10.68
2000,MS,05,33.21
2000,MT,00,25.07
2000,NC,01,-11.91
2000,NC,02,11.15
2000,NC,03,23.54
2000,NC,04,-3.28
2000,NC,05,25.07
2000,NC,06,29.25
2000,NC,07,5.61
2000,NC,08,13.22
2000,NC,09,20.61
2000,NC,10,33.84
2000,NC,11,19.13
2000,NC,12,-15.82
2000,ND,00,27.6
2000,NE,01,22.94
2000,NE,02,18.45
2000,NE,03,46.41
2000,NH,01,3.24
2000,NH,02,-0.8
2000,NJ,01,-30.87
2000,NJ,02,-12.11
2000,NJ,03,-9.75
2000,NJ,04,-7.84
2000,NJ,05,7.05
2000,NJ,06,-19.41
2000,NJ,07,-11.33
2000,NJ,08,-24.52
2000,NJ,09,-29.73
2000,NJ,10,-70.85
2000,NJ,11,10.1
2000,NJ,12,-4.96
2000,NJ,13,-47.22
2000,NM,01,-1.64
2000,NM,02,11.08
2000,NM,03,-8.04
2000,NV,01,-12.08
2000,NV,02,13.54
2000,NY,01,-9.78
2000,NY,02,-15.83
2000,NY,03,-13.33
2000,NY,04,-21.32
2000,NY,05,-27.19
2000,NY,06,-76.82
2000,NY,07,-45.71
2000,NY,08,-59.72
2000,NY,09,-38.51
2000,NY,10,-83.02
2000,NY,11,-81.83
2000,NY,12,-67.7
2000,NY,13,-8.78
2000,NY,14,-48.52
2000,NY,15,-83.74
2000,NY,16,-86.85
2000,NY,17,-75.71
2000,NY,18,-23.09
2000,NY,19,-4.49
2000,NY,20,-11.22
2000,NY,21,-20.07
2000,NY,22,5.67
2000,NY,23,5.67
2000,NY,24,-0.15
2000,NY,25,-10.59
2000,NY,26,-9.62
2000,NY,27,10.63
2000,NY,28,-11.05
2000,NY,29,-9.22
2000,NY,30,-24.35
2000,NY,31,10.52
2000,OH,01,-2.99
2000,OH,02,33.71
2000,OH,03,-2.3
2000,OH,04,27.27
2000,OH,05,18.28
2000,OH,06,15.22
2000,OH,07,18.59
2000,OH,08,29.53
2000,OH,09,-13.11
2000,OH,10,-9.93
2000,OH,11,-65.51
2000,OH,12,4.58
2000,OH,13,3.31
2000,OH,14,-11.89
2000,OH,15,6.92
2000,OH,16,11.52
2000,OH,17,-20.35
2000,OH,18,6.08
2000,OH,19,-3.7
2000,OK,01,24.45
2000,OK,02,6.65
2000,OK,03,13.79
2000,OK,04,23.74
2000,OK,05,37.49
2000,OK,06,24.15
2000,OR,01,-7.18
2000,OR,02,25.08
2000,OR,03,-30.08
2000,OR,04,5.39
2000,OR,05,2.48
2000,PA,01,-71.78
2000,PA,02,-77.16
2000,PA,03,-34.74
2000,PA,04,3.28
2000,PA,05,20.48
2000,PA,06,9.13
2000,PA,07,-2.69
2000,PA,08,-3.84
2000,PA,09,32.8
2000,PA,10,3.27
2000,PA,11,-2.64
2000,PA,12,7.41
2000,PA,13,-11.21
2000,PA,14,-27.33
2000,PA,15,-2.22
2000,PA,16,19.98
2000,PA,17,23.08
2000,PA,18,-15.93
2000,PA,19,25.78
2000,PA,20,-4.29
2000,PA,21,0.91
2000,RI,01,-31.39
2000,RI,02,-26.53
2000,SC,01,21.28
2000,SC,02,18.32
2000,SC,03,28.34
2000,SC,04,31.1
2000,SC,05,14.31
2000,SC,06,-25.33
2000,SD,00,22.73
2000,TN,01,23.9
2000,TN,02,20.83
2000,TN,03,10.18
2000,TN,04,6.75
2000,TN,05,-16.95
2000,TN,06,8.73
2000,TN,07,16.77
2000,TN,08,0.33
2000,TN,09,-50.31
2000,TX,01,27.71
2000,TX,02,23.87
2000,TX,03,38.54
2000,TX,04,43.23
2000,TX,05,15.27
2000,TX,06,40.96
2000,TX,07,44.32
2000,TX,08,54.09
2000,TX,09,9.68
2000,TX,10,3.38
2000,TX,11,32.15
2000,TX,12,18.47
2000,TX,13,36.99
2000,TX,14,28.61
2000,TX,15,-9.16
2000,TX,16,-18.6
2000,TX,17,42.07
2000,TX,18,-44.41
2000,TX,19,59.62
2000,TX,20,-12.05
2000,TX,21,48.6
2000,TX,22,26.48
2000,TX,23,15.22
2000,TX,24,-3.34
2000,TX,25,-2.01
2000,TX,26,43.66
2000,TX,27,-0.58
2000,TX,28,-14.4
2000,TX,29,-21.45
2000,TX,30,-41.37
2000,UT,01,49.98
2000,UT,02,23.07
2000,UT,03,48.81
2000,VA,01,18.74
2000,VA,02,8.28
2000,VA,03,-33.62
2000,VA,04,0.2
2000,VA,05,16.03
2000,VA,06,19.79
2000,VA,07,27.35
2000,VA,08,-15.01
2000,VA,09,12.1
2000,VA,10,19.07
2000,VA,11,-2.27
2000,VT,00,-9.94
2000,WA,01,-11.99
2000,WA,02,-1.98
2000,WA,03,0.85
2000,WA,04,28.43
2000,WA,05,15.18
2000,WA,06,-7.55
2000,WA,07,-52.27
2000,WA,08,-2.31
2000,WA,09,-11.5
2000,WI,01,-1.69
2000,WI,02,-21.59
2000,WI,03,-2.95
2000,WI,04,4.69
2000,WI,05,-34.2
2000,WI,06,9.75
2000,WI,07,-1.38
2000,WI,08,8.0
2000,WI,09,29.23
2000,WV,01,11.08
2000,WV,02,9.96
2000,WV,03,-3.67
2000,WY,00,40.06
