cycle,district_cycle,state,district,margin
2008,2020,AK,01,21.6
2008,2020,AL,01,22.4
2008,2020,AL,02,29.5
2008,2020,AL,03,26.0
2008,2020,AL,04,47.8
2008,2020,AL,05,26.3
2008,2020,AL,06,49.1
2008,2020,AL,07,-43.4
2008,2020,AR,01,18.8
2008,2020,AR,02,9.5
2008,2020,AR,03,29.8
2008,2020,AR,04,22.5
2008,2020,AZ,01,3.2
2008,2020,AZ,02,0.9
2008,2020,AZ,03,-17.5
2008,2020,AZ,04,29.8
2008,2020,AZ,05,26.3
2008,2020,AZ,06,16.5
2008,2020,AZ,07,-30.6
2008,2020,AZ,08,22.2
2008,2020,AZ,09,-3.9
2008,2020,CO,01,-43.3
2008,2020,CO,02,-24.0
2008,2020,CO,03,1.5
2008,2020,CO,04,14.5
2008,2020,CO,05,19.1
2008,2020,CO,06,-8.7
2008,2020,CO,07,-16.7
2008,2020,CT,01,-32.9
2008,2020,CT,02,-18.6
2008,2020,CT,03,-26.4
2008,2020,CT,04,-19.9
2008,2020,CT,05,-14.0
2008,2020,DE,01,-25.0
2008,2020,GA,01,10.6
2008,2020,GA,02,-16.3
2008,2020,GA,03,31.3
2008,2020,GA,04,-46.9
2008,2020,GA,05,-69.4
2008,2020,GA,06,18.9
2008,2020,GA,07,21.0
2008,2020,GA,08,23.8
2008,2020,GA,09,50.4
2008,2020,GA,10,21.6
2008,2020,GA,11,29.6
2008,2020,GA,12,11.7
2008,2020,GA,13,-34.8
2008,2020,GA,14,43.2
2008,2020,HI,01,-42.0
2008,2020,HI,02,-48.5
2008,2020,IA,01,-18.1
2008,2020,IA,02,-15.5
2008,2020,IA,03,-6.1
2008,2020,IA,04,1.7
2008,2020,ID,01,27.4
2008,2020,ID,02,23.4
2008,2020,IL,01,-62.3
2008,2020,IL,02,-62.9
2008,2020,IL,03,-17.9
2008,2020,IL,04,-62.3
2008,2020,IL,05,-41.1
2008,2020,IL,06,-4.0
2008,2020,IL,07,-79.5
2008,2020,IL,08,-24.4
2008,2020,IL,09,-38.3
2008,2020,IL,10,-27.1
2008,2020,IL,11,-23.8
2008,2020,IL,12,-11.1
2008,2020,IL,13,-11.0
2008,2020,IL,14,-2.7
2008,2020,IL,15,12.6
2008,2020,IL,16,-1.8
2008,2020,IL,17,-21.5
2008,2020,IL,18,10.3
2008,2020,IN,01,-27.5
2008,2020,IN,02,-0.3
2008,2020,IN,03,13.0
2008,2020,IN,04,9.6
2008,2020,IN,05,6.0
2008,2020,IN,06,11.4
2008,2020,IN,07,-33.5
2008,2020,IN,08,2.5
2008,2020,IN,09,6.5
2008,2020,KS,01,36.2
2008,2020,KS,02,7.5
2008,2020,KS,03,1.1
2008,2020,KS,04,19.1
2008,2020,KY,01,24.7
2008,2020,KY,02,24.3
2008,2020,KY,03,-13.4
2008,2020,KY,04,24.5
2008,2020,KY,05,35.0
2008,2020,KY,06,8.9
2008,2020,LA,01,47.4
2008,2020,LA,02,-48.0
2008,2020,LA,03,30.1
2008,2020,LA,04,19.0
2008,2020,LA,05,25.3
2008,2020,LA,06,36.6
2008,2020,MA,01,-30.4
2008,2020,MA,02,-22.9
2008,2020,MA,03,-19.4
2008,2020,MA,04,-22.5
2008,2020,MA,05,-34.1
2008,2020,MA,06,-15.5
2008,2020,MA,07,-65.2
2008,2020,MA,08,-17.4
2008,2020,MA,09,-17.2
2008,2020,MD,01,21.2
2008,2020,MD,02,-23.1
2008,2020,MD,03,-22.1
2008,2020,MD,04,-55.5
2008,2020,MD,05,-31.5
2008,2020,MD,06,-14.3
2008,2020,MD,07,-53.8
2008,2020,MD,08,-27.2
2008,2020,ME,01,-23.2
2008,2020,ME,02,-11.2
2008,2020,MI,01,-1.3
2008,2020,MI,02,2.3
2008,2020,MI,03,-1.1
2008,2020,MI,04,-1.0
2008,2020,MI,05,-27.7
2008,2020,MI,06,-7.9
2008,2020,MI,07,-3.4
2008,2020,MI,08,-5.6
2008,2020,MI,09,-18.0
2008,2020,MI,10,2.0
2008,2020,MI,11,-1.9
2008,2020,MI,12,-35.5
2008,2020,MI,13,-70.6
2008,2020,MI,14,-65.1
2008,2020,MN,01,-4.1
2008,2020,MN,02,-2.9
2008,2020,MN,03,-3.6
2008,2020,MN,04,-27.1
2008,2020,MN,05,-48.9
2008,2020,MN,06,11.5
2008,2020,MN,07,3.3
2008,2020,MN,08,-8.6
2008,2020,MO,01,-61.7
2008,2020,MO,02,6.2
2008,2020,MO,03,13.0
2008,2020,MO,04,14.6
2008,2020,MO,05,-25.2
2008,2020,MO,06,12.2
2008,2020,MO,07,27.8
2008,2020,MO,08,21.7
2008,2020,MS,01,25.8
2008,2020,MS,02,-29.0
2008,2020,MS,03,22.4
2008,2020,MS,04,36.8
2008,2020,MT,01,2.2
2008,2020,NC,01,-13.5
2008,2020,NC,02,-18.0
2008,2020,NC,03,14.5
2008,2020,NC,04,-29.8
2008,2020,NC,05,24.0
2008,2020,NC,06,-19.9
2008,2020,NC,07,12.1
2008,2020,NC,08,3.5
2008,2020,NC,09,7.9
2008,2020,NC,10,25.4
2008,2020,NC,11,7.6
2008,2020,NC,12,-34.5
2008,2020,NC,13,25.2
2008,2020,ND,01,8.7
2008,2020,NE,01,10.1
2008,2020,NE,02,-1.2
2008,2020,NE,03,36.0
2008,2020,NH,01,-6.4
2008,2020,NH,02,-12.9
2008,2020,NJ,01,-30.5
2008,2020,NJ,02,-7.7
2008,2020,NJ,03,-3.4
2008,2020,NJ,04,8.3
2008,2020,NJ,05,2.0
2008,2020,NJ,06,-17.9
2008,2020,NJ,07,4.4
2008,2020,NJ,08,-47.2
2008,2020,NJ,09,-28.8
2008,2020,NJ,10,-70.3
2008,2020,NJ,11,5.1
2008,2020,NJ,12,-32.4
2008,2020,NM,01,-20.7
2008,2020,NM,02,1.8
2008,2020,NM,03,-23.7
2008,2020,NV,01,-31.5
2008,2020,NV,02,-1.2
2008,2020,NV,03,-8.9
2008,2020,NV,04,-15.0
2008,2020,NY,01,-3.0
2008,2020,NY,02,-3.0
2008,2020,NY,03,-8.0
2008,2020,NY,04,-11.0
2008,2020,NY,05,-72.0
2008,2020,NY,06,-27.0
2008,2020,NY,07,-69.0
2008,2020,NY,08,-72.0
2008,2020,NY,09,-69.0
2008,2020,NY,10,-53.0
2008,2020,NY,11,3.0
2008,2020,NY,12,-61.0
2008,2020,NY,13,-87.0
2008,2020,NY,14,-53.0
2008,2020,NY,15,-90.0
2008,2020,NY,16,-47.0
2008,2020,NY,17,-17.0
2008,2020,NY,18,-5.0
2008,2020,NY,19,-8.0
2008,2020,NY,20,-18.0
2008,2020,NY,21,-5.0
2008,2020,NY,22,0.0
2008,2020,NY,23,-1.0
2008,2020,NY,24,-14.0
2008,2020,NY,25,-19.0
2008,2020,NY,26,-28.0
2008,2020,NY,27,10.0
2008,2020,OH,01,4.6
2008,2020,OH,02,9.9
2008,2020,OH,03,-36.1
2008,2020,OH,04,10.7
2008,2020,OH,05,6.2
2008,2020,OH,06,8.4
2008,2020,OH,07,4.0
2008,2020,OH,08,22.2
2008,2020,OH,09,-35.2
2008,2020,OH,10,0.0
2008,2020,OH,11,-64.8
2008,2020,OH,12,8.9
2008,2020,OH,13,-26.5
2008,2020,OH,14,0.3
2008,2020,OH,15,6.1
2008,2020,OH,16,4.1
2008,2020,OK,01,28.4
2008,2020,OK,02,31.4
2008,2020,OK,03,45.8
2008,2020,OK,04,32.2
2008,2020,OK,05,18.4
2008,2020,OR,01,-21.9
2008,2020,OR,02,10.5
2008,2020,OR,03,-48.6
2008,2020,OR,04,-11.5
2008,2020,OR,05,-8.8
2008,2020,RI,01,-34.8
2008,2020,RI,02,-21.6
2008,2020,SC,01,13.4
2008,2020,SC,02,20.1
2008,2020,SC,03,28.4
2008,2020,SC,04,22.9
2008,2020,SC,05,11.2
2008,2020,SC,06,-41.2
2008,2020,SC,07,8.3
2008,2020,SD,01,8.5
2008,2020,TN,01,41.3
2008,2020,TN,02,29.5
2008,2020,TN,03,24.0
2008,2020,TN,04,26.8
2008,2020,TN,05,-16.2
2008,2020,TN,06,31.4
2008,2020,TN,07,26.1
2008,2020,TN,08,29.2
2008,2020,TN,09,-54.5
2008,2020,TX,01,39.0
2008,2020,TX,02,25.0
2008,2020,TX,03,24.0
2008,2020,TX,04,41.0
2008,2020,TX,05,25.0
2008,2020,TX,06,15.0
2008,2020,TX,07,19.0
2008,2020,TX,08,47.0
2008,2020,TX,09,-53.0
2008,2020,TX,10,13.0
2008,2020,TX,11,53.0
2008,2020,TX,12,29.0
2008,2020,TX,13,55.0
2008,2020,TX,14,15.0
2008,2020,TX,15,-15.0
2008,2020,TX,16,-29.0
2008,2020,TX,17,17.0
2008,2020,TX,18,-54.0
2008,2020,TX,19,43.0
2008,2020,TX,20,-17.0
2008,2020,TX,21,14.0
2008,2020,TX,22,21.0
2008,2020,TX,23,-1.0
2008,2020,TX,24,17.0
2008,2020,TX,25,13.0
2008,2020,TX,26,29.0
2008,2020,TX,27,19.0
2008,2020,TX,28,-17.0
2008,2020,TX,29,-25.0
2008,2020,TX,30,-57.0
2008,2020,TX,31,13.0
2008,2020,TX,32,11.0
2008,2020,TX,33,-38.0
2008,2020,TX,34,-21.0
2008,2020,TX,35,-28.0
2008,2020,TX,36,39.0
2008,2020,UT,01,38.3
2008,2020,UT,02,20.1
2008,2020,UT,03,38.0
2008,2020,UT,04,15.2
2008,2020,VT,01,-37.2
2008,2020,WA,01,-14.4
2008,2020,WA,02,-22.9
2008,2020,WA,03,-3.8
2008,2020,WA,04,19.7
2008,2020,WA,05,4.9
2008,2020,WA,06,-16.1
2008,2020,WA,07,-62.4
2008,2020,WA,08,-4.7
2008,2020,WA,09,-38.7
2008,2020,WA,10,-16.2
2008,2020,WI,01,-2.7
2008,2020,WI,02,-41.5
2008,2020,WI,03,-20.3
2008,2020,WI,04,-49.8
2008,2020,WI,05,15.4
2008,2020,WI,06,-0.1
2008,2020,WI,07,-7.9
2008,2020,WI,08,-8.7
2008,2020,WV,01,15.2
2008,2020,WV,02,10.8
2008,2020,WV,03,13.4
2008,2020,WY,01,32.5
2012,2020,AK,01,14.1
2012,2020,AL,01,24.4
2012,2020,AL,02,26.5
2012,2020,AL,03,25.5
2012,2020,AL,04,50.8
2012,2020,AL,05,29.0
2012,2020,AL,06,49.6
2012,2020,AL,07,-45.3
2012,2020,AR,01,24.7
2012,2020,AR,02,11.8
2012,2020,AR,03,33.9
2012,2020,AR,04,25.9
2012,2020,AZ,01,2.5
2012,2020,AZ,02,1.5
2012,2020,AZ,03,-24.5
2012,2020,AZ,04,36.2
2012,2020,AZ,05,29.2
2012,2020,AZ,06,20.7
2012,2020,AZ,07,-45.2
2012,2020,AZ,08,24.8
2012,2020,AZ,09,-4.5
2012,2020,CA,01,16.3
2012,2020,CA,02,-42.0
2012,2020,CA,03,-11.2
2012,2020,CA,04,18.4
2012,2020,CA,05,-42.2
2012,2020,CA,06,-40.8
2012,2020,CA,07,-4.0
2012,2020,CA,08,13.9
2012,2020,CA,09,-17.7
2012,2020,CA,10,-3.6
2012,2020,CA,11,-37.6
2012,2020,CA,12,-71.6
2012,2020,CA,13,-78.5
2012,2020,CA,14,-50.6
2012,2020,CA,15,-38.2
2012,2020,CA,16,-19.2
2012,2020,CA,17,-46.4
2012,2020,CA,18,-39.3
2012,2020,CA,19,-44.7
2012,2020,CA,20,-44.7
2012,2020,CA,21,-11.1
2012,2020,CA,22,15.0
2012,2020,CA,23,25.4
2012,2020,CA,24,-11.0
2012,2020,CA,25,1.8
2012,2020,CA,26,-10.3
2012,2020,CA,27,-27.6
2012,2020,CA,28,-43.8
2012,2020,CA,29,-56.5
2012,2020,CA,30,-33.2
2012,2020,CA,31,-16.6
2012,2020,CA,32,-32.7
2012,2020,CA,33,-23.8
2012,2020,CA,34,-68.9
2012,2020,CA,35,-36.8
2012,2020,CA,36,-3.2
2012,2020,CA,37,-72.2
2012,2020,CA,38,-31.9
2012,2020,CA,39,3.7
2012,2020,CA,40,-65.0
2012,2020,CA,41,-25.2
2012,2020,CA,42,15.1
2012,2020,CA,43,-58.0
2012,2020,CA,44,-71.1
2012,2020,CA,45,11.8
2012,2020,CA,46,-25.2
2012,2020,CA,47,-22.5
2012,2020,CA,48,11.7
2012,2020,CA,49,6.5
2012,2020,CA,50,22.8
2012,2020,CA,51,-40.5
2012,2020,CA,52,-6.4
2012,2020,CA,53,-25.0
2012,2020,CO,01,-40.2
2012,2020,CO,02,-18.4
2012,2020,CO,03,6.0
2012,2020,CO,04,19.3
2012,2020,CO,05,20.8
2012,2020,CO,06,-5.1
2012,2020,CO,07,-14.8
2012,2020,CT,01,-27.7
2012,2020,CT,02,-13.3
2012,2020,CT,03,-26.3
2012,2020,CT,04,-11.1
2012,2020,CT,05,-8.2
2012,2020,DE,01,-18.6
2012,2020,GA,01,12.9
2012,2020,GA,02,-17.8
2012,2020,GA,03,32.9
2012,2020,GA,04,-48.0
2012,2020,GA,05,-67.3
2012,2020,GA,06,23.3
2012,2020,GA,07,21.9
2012,2020,GA,08,24.1
2012,2020,GA,09,57.6
2012,2020,GA,10,26.2
2012,2020,GA,11,35.4
2012,2020,GA,12,11.8
2012,2020,GA,13,-39.2
2012,2020,GA,14,47.9
2012,2020,HI,01,-40.7
2012,2020,HI,02,-44.7
2012,2020,IA,01,-13.7
2012,2020,IA,02,-13.1
2012,2020,IA,03,-4.2
2012,2020,IA,04,8.1
2012,2020,ID,01,32.7
2012,2020,ID,02,31.0
2012,2020,IL,01,-58.7
2012,2020,IL,02,-62.2
2012,2020,IL,03,-13.3
2012,2020,IL,04,-63.8
2012,2020,IL,05,-34.2
2012,2020,IL,06,8.2
2012,2020,IL,07,-75.4
2012,2020,IL,08,-16.5
2012,2020,IL,09,-31.7
2012,2020,IL,10,-16.4
2012,2020,IL,11,-17.2
2012,2020,IL,12,-1.6
2012,2020,IL,13,0.3
2012,2020,IL,14,10.0
2012,2020,IL,15,29.8
2012,2020,IL,16,7.7
2012,2020,IL,17,-17.0
2012,2020,IL,18,23.3
2012,2020,IN,01,-23.8
2012,2020,IN,02,14.0
2012,2020,IN,03,26.8
2012,2020,IN,04,24.0
2012,2020,IN,05,16.8
2012,2020,IN,06,23.1
2012,2020,IN,07,-27.6
2012,2020,IN,08,18.8
2012,2020,IN,09,16.5
2012,2020,KS,01,42.5
2012,2020,KS,02,13.2
2012,2020,KS,03,9.5
2012,2020,KS,04,25.5
2012,2020,KY,01,34.3
2012,2020,KY,02,28.2
2012,2020,KY,03,-12.9
2012,2020,KY,04,28.6
2012,2020,KY,05,51.8
2012,2020,KY,06,13.6
2012,2020,LA,01,44.0
2012,2020,LA,02,-53.0
2012,2020,LA,03,33.8
2012,2020,LA,04,19.3
2012,2020,LA,05,23.3
2012,2020,LA,06,34.1
2012,2020,MA,01,-29.7
2012,2020,MA,02,-19.5
2012,2020,MA,03,-15.5
2012,2020,MA,04,-15.9
2012,2020,MA,05,-32.1
2012,2020,MA,06,-10.8
2012,2020,MA,07,-66.9
2012,2020,MA,08,-17.0
2012,2020,MA,09,-12.4
2012,2020,MD,01,22.7
2012,2020,MD,02,-28.1
2012,2020,MD,03,-23.6
2012,2020,MD,04,-57.3
2012,2020,MD,05,-33.7
2012,2020,MD,06,-12.4
2012,2020,MD,07,-53.9
2012,2020,MD,08,-26.0
2012,2020,ME,01,-21.4
2012,2020,ME,02,-8.6
2012,2020,MI,01,8.3
2012,2020,MI,02,12.9
2012,2020,MI,03,7.3
2012,2020,MI,04,8.0
2012,2020,MI,05,-22.4
2012,2020,MI,06,1.4
2012,2020,MI,07,3.1
2012,2020,MI,08,3.1
2012,2020,MI,09,-15.3
2012,2020,MI,10,11.6
2012,2020,MI,11,5.4
2012,2020,MI,12,-33.4
2012,2020,MI,13,-70.9
2012,2020,MI,14,-62.4
2012,2020,MN,01,-1.4
2012,2020,MN,02,-0.1
2012,2020,MN,03,-0.8
2012,2020,MN,04,-27.0
2012,2020,MN,05,-49.5
2012,2020,MN,06,15.0
2012,2020,MN,07,9.8
2012,2020,MN,08,-5.5
2012,2020,MO,01,-61.0
2012,2020,MO,02,15.7
2012,2020,MO,03,25.9
2012,2020,MO,04,24.8
2012,2020,MO,05,-19.5
2012,2020,MO,06,22.1
2012,2020,MO,07,37.3
2012,2020,MO,08,33.9
2012,2020,MS,01,24.9
2012,2020,MS,02,-33.4
2012,2020,MS,03,20.9
2012,2020,MS,04,36.4
2012,2020,MT,01,13.7
2012,2020,NC,01,-14.7
2012,2020,NC,02,-15.3
2012,2020,NC,03,18.1
2012,2020,NC,04,-27.5
2012,2020,NC,05,27.5
2012,2020,NC,06,-17.7
2012,2020,NC,07,15.3
2012,2020,NC,08,4.5
2012,2020,NC,09,10.7
2012,2020,NC,10,30.8
2012,2020,NC,11,11.7
2012,2020,NC,12,-33.9
2012,2020,NC,13,30.4
2012,2020,ND,01,19.8
2012,2020,NE,01,16.7
2012,2020,NE,02,7.1
2012,2020,NE,03,42.4
2012,2020,NH,01,-1.6
2012,2020,NH,02,-9.7
2012,2020,NJ,01,-31.3
2012,2020,NJ,02,-8.1
2012,2020,NJ,03,-4.6
2012,2020,NJ,04,9.5
2012,2020,NJ,05,3.0
2012,2020,NJ,06,-24.0
2012,2020,NJ,07,6.2
2012,2020,NJ,08,-57.5
2012,2020,NJ,09,-37.6
2012,2020,NJ,10,-76.4
2012,2020,NJ,11,5.8
2012,2020,NJ,12,-34.1
2012,2020,NM,01,-15.7
2012,2020,NM,02,6.8
2012,2020,NM,03,-18.8
2012,2020,NV,01,-33.2
2012,2020,NV,02,8.1
2012,2020,NV,03,-0.8
2012,2020,NV,04,-10.7
2012,2020,NY,01,-0.5
2012,2020,NY,02,-4.4
2012,2020,NY,03,-2.6
2012,2020,NY,04,-13.5
2012,2020,NY,05,-81.5
2012,2020,NY,06,-36.8
2012,2020,NY,07,-78.1
2012,2020,NY,08,-79.2
2012,2020,NY,09,-71.5
2012,2020,NY,10,-48.6
2012,2020,NY,11,-4.3
2012,2020,NY,12,-55.4
2012,2020,NY,13,-90.0
2012,2020,NY,14,-62.4
2012,2020,NY,15,-93.7
2012,2020,NY,16,-48.2
2012,2020,NY,17,-15.3
2012,2020,NY,18,-4.3
2012,2020,NY,19,-6.2
2012,2020,NY,20,-20.4
2012,2020,NY,21,-6.1
2012,2020,NY,22,0.4
2012,2020,NY,23,1.2
2012,2020,NY,24,-15.9
2012,2020,NY,25,-19.4
2012,2020,NY,26,-29.6
2012,2020,NY,27,12.4
2012,2020,OH,01,6.1
2012,2020,OH,02,11.0
2012,2020,OH,03,-40.8
2012,2020,OH,04,14.0
2012,2020,OH,05,9.8
2012,2020,OH,06,12.5
2012,2020,OH,07,9.5
2012,2020,OH,08,25.5
2012,2020,OH,09,-36.7
2012,2020,OH,10,1.9
2012,2020,OH,11,-66.2
2012,2020,OH,12,10.5
2012,2020,OH,13,-27.5
2012,2020,OH,14,3.3
2012,2020,OH,15,5.6
2012,2020,OH,16,8.2
2012,2020,OK,01,31.6
2012,2020,OK,02,35.6
2012,2020,OK,03,47.8
2012,2020,OK,04,34.2
2012,2020,OK,05,18.4
2012,2020,OR,01,-17.3
2012,2020,OR,02,16.3
2012,2020,OR,03,-47.3
2012,2020,OR,04,-6.7
2012,2020,OR,05,-3.4
2012,2020,PA,01,-1.6
2012,2020,PA,02,-55.6
2012,2020,PA,03,-84.1
2012,2020,PA,04,-13.3
2012,2020,PA,05,-27.7
2012,2020,PA,06,-3.2
2012,2020,PA,07,-7.0
2012,2020,PA,08,-11.9
2012,2020,PA,09,16.0
2012,2020,PA,10,6.6
2012,2020,PA,11,22.5
2012,2020,PA,12,24.7
2012,2020,PA,13,34.5
2012,2020,PA,14,17.7
2012,2020,PA,15,26.9
2012,2020,PA,16,4.8
2012,2020,PA,17,4.5
2012,2020,PA,18,-28.3
2012,2020,RI,01,-34.0
2012,2020,RI,02,-21.5
2012,2020,SC,01,18.1
2012,2020,SC,02,19.7
2012,2020,SC,03,30.6
2012,2020,SC,04,26.0
2012,2020,SC,05,11.5
2012,2020,SC,06,-42.8
2012,2020,SC,07,10.1
2012,2020,SD,01,18.0
2012,2020,TN,01,47.0
2012,2020,TN,02,36.4
2012,2020,TN,03,28.2
2012,2020,TN,04,32.2
2012,2020,TN,05,-13.4
2012,2020,TN,06,39.6
2012,2020,TN,07,32.8
2012,2020,TN,08,33.2
2012,2020,TN,09,-57.5
2012,2020,TX,01,44.1
2012,2020,TX,02,27.3
2012,2020,TX,03,30.1
2012,2020,TX,04,49.2
2012,2020,TX,05,30.1
2012,2020,TX,06,17.1
2012,2020,TX,07,21.3
2012,2020,TX,08,55.3
2012,2020,TX,09,-56.9
2012,2020,TX,10,20.3
2012,2020,TX,11,59.6
2012,2020,TX,12,35.1
2012,2020,TX,13,61.7
2012,2020,TX,14,19.8
2012,2020,TX,15,-15.9
2012,2020,TX,16,-29.7
2012,2020,TX,17,22.7
2012,2020,TX,18,-53.3
2012,2020,TX,19,48.6
2012,2020,TX,20,-19.2
2012,2020,TX,21,21.9
2012,2020,TX,22,25.4
2012,2020,TX,23,2.6
2012,2020,TX,24,22.4
2012,2020,TX,25,22.1
2012,2020,TX,26,36.9
2012,2020,TX,27,22.3
2012,2020,TX,28,-21.6
2012,2020,TX,29,-32.9
2012,2020,TX,30,-60.0
2012,2020,TX,31,21.3
2012,2020,TX,32,15.5
2012,2020,TX,33,-44.9
2012,2020,TX,34,-22.5
2012,2020,TX,35,-28.4
2012,2020,TX,36,47.5
2012,2020,UT,01,57.0
2012,2020,UT,02,38.8
2012,2020,UT,03,58.8
2012,2020,UT,04,37.0
2012,2020,VA,01,11.9
2012,2020,VA,02,2.3
2012,2020,VA,03,-36.3
2012,2020,VA,04,-21.8
2012,2020,VA,05,6.6
2012,2020,VA,06,19.3
2012,2020,VA,07,10.5
2012,2020,VA,08,-36.8
2012,2020,VA,09,28.2
2012,2020,VA,10,1.1
2012,2020,VA,11,-26.2
2012,2020,VT,01,-35.8
2012,2020,WA,01,-10.8
2012,2020,WA,02,-21.2
2012,2020,WA,03,1.7
2012,2020,WA,04,21.8
2012,2020,WA,05,9.8
2012,2020,WA,06,-14.9
2012,2020,WA,07,-61.1
2012,2020,WA,08,-1.6
2012,2020,WA,09,-38.7
2012,2020,WA,10,-15.2
2012,2020,WI,01,4.2
2012,2020,WI,02,-37.8
2012,2020,WI,03,-11.0
2012,2020,WI,04,-51.5
2012,2020,WI,05,23.6
2012,2020,WI,06,7.3
2012,2020,WI,07,3.1
2012,2020,WI,08,3.7
2012,2020,WV,01,26.7
2012,2020,WV,02,22.0
2012,2020,WV,03,32.2
2012,2020,WY,01,41.2
2016,2020,AK,01,15.2
2016,2020,AL,01,29.4
2016,2020,AL,02,31.9
2016,2020,AL,03,33.0
2016,2020,AL,04,63.0
2016,2020,AL,05,33.4
2016,2020,AL,06,44.7
2016,2020,AL,07,-41.2
2016,2020,AR,01,34.8
2016,2020,AR,02,10.7
2016,2020,AR,03,31.4
2016,2020,AR,04,32.9
2016,2020,AZ,01,1.1
2016,2020,AZ,02,-4.9
2016,2020,AZ,03,-29.9
2016,2020,AZ,04,40.2
2016,2020,AZ,05,21.1
2016,2020,AZ,06,10.0
2016,2020,AZ,07,-49.2
2016,2020,AZ,08,21.1
2016,2020,AZ,09,-16.3
2016,2020,CA,01,19.7
2016,2020,CA,02,-45.7
2016,2020,CA,03,-12.6
2016,2020,CA,04,14.7
2016,2020,CA,05,-44.9
2016,2020,CA,06,-44.8
2016,2020,CA,07,-11.4
2016,2020,CA,08,15.1
2016,2020,CA,09,-18.6
2016,2020,CA,10,-3.0
2016,2020,CA,11,-48.8
2016,2020,CA,12,-77.5
2016,2020,CA,13,-80.6
2016,2020,CA,14,-58.7
2016,2020,CA,15,-45.7
2016,2020,CA,16,-21.6
2016,2020,CA,17,-53.4
2016,2020,CA,18,-53.2
2016,2020,CA,19,-51.4
2016,2020,CA,20,-47.2
2016,2020,CA,21,-15.5
2016,2020,CA,22,9.5
2016,2020,CA,23,22.0
2016,2020,CA,24,-20.2
2016,2020,CA,25,-6.7
2016,2020,CA,26,-21.9
2016,2020,CA,27,-37.6
2016,2020,CA,28,-49.8
2016,2020,CA,29,-60.9
2016,2020,CA,30,-43.4
2016,2020,CA,31,-21.1
2016,2020,CA,32,-38.9
2016,2020,CA,33,-41.3
2016,2020,CA,34,-72.9
2016,2020,CA,35,-40.8
2016,2020,CA,36,-8.8
2016,2020,CA,37,-76.1
2016,2020,CA,38,-39.6
2016,2020,CA,39,-8.6
2016,2020,CA,40,-69.4
2016,2020,CA,41,-27.9
2016,2020,CA,42,12.0
2016,2020,CA,43,-61.7
2016,2020,CA,44,-70.7
2016,2020,CA,45,-5.4
2016,2020,CA,46,-38.4
2016,2020,CA,47,-31.6
2016,2020,CA,48,-1.7
2016,2020,CA,49,-7.5
2016,2020,CA,50,15.0
2016,2020,CA,51,-49.0
2016,2020,CA,52,-22.5
2016,2020,CA,53,-34.9
2016,2020,CO,01,-45.8
2016,2020,CO,02,-21.3
2016,2020,CO,03,12.0
2016,2020,CO,04,23.1
2016,2020,CO,05,24.0
2016,2020,CO,06,-8.9
2016,2020,CO,07,-12.0
2016,2020,CT,01,-23.1
2016,2020,CT,02,-2.9
2016,2020,CT,03,-15.5
2016,2020,CT,04,-23.0
2016,2020,CT,05,-4.1
2016,2020,DE,01,-11.5
2016,2020,FL,01,39.3
2016,2020,FL,02,35.6
2016,2020,FL,03,16.0
2016,2020,FL,04,28.0
2016,2020,FL,05,-25.4
2016,2020,FL,06,17.0
2016,2020,FL,07,-7.3
2016,2020,FL,08,20.7
2016,2020,FL,09,-12.9
2016,2020,FL,10,-26.9
2016,2020,FL,11,32.3
2016,2020,FL,12,18.6
2016,2020,FL,13,-3.2
2016,2020,FL,14,-18.2
2016,2020,FL,15,10.0
2016,2020,FL,16,10.7
2016,2020,FL,17,27.2
2016,2020,FL,18,9.2
2016,2020,FL,19,22.1
2016,2020,FL,20,-62.1
2016,2020,FL,21,-19.5
2016,2020,FL,22,-15.8
2016,2020,FL,23,-26.1
2016,2020,FL,24,-67.5
2016,2020,FL,25,1.8
2016,2020,FL,26,-16.3
2016,2020,FL,27,-19.6
2016,2020,GA,01,15.5
2016,2020,GA,02,-11.7
2016,2020,GA,03,31.5
2016,2020,GA,04,-53.1
2016,2020,GA,05,-73.1
2016,2020,GA,06,1.5
2016,2020,GA,07,6.3
2016,2020,GA,08,28.9
2016,2020,GA,09,58.5
2016,2020,GA,10,25.5
2016,2020,GA,11,25.0
2016,2020,GA,12,16.2
2016,2020,GA,13,-44.4
2016,2020,GA,14,52.9
2016,2020,HI,01,-32.6
2016,2020,HI,02,-31.8
2016,2020,IA,01,3.5
2016,2020,IA,02,4.1
2016,2020,IA,03,3.5
2016,2020,IA,04,27.4
2016,2020,ID,01,38.3
2016,2020,ID,02,24.7
2016,2020,IL,01,-54.0
2016,2020,IL,02,-58.9
2016,2020,IL,03,-15.3
2016,2020,IL,04,-68.9
2016,2020,IL,05,-46.6
2016,2020,IL,06,-7.0
2016,2020,IL,07,-78.2
2016,2020,IL,08,-21.7
2016,2020,IL,09,-45.2
2016,2020,IL,10,-29.4
2016,2020,IL,11,-23.5
2016,2020,IL,12,14.8
2016,2020,IL,13,5.5
2016,2020,IL,14,3.9
2016,2020,IL,15,46.2
2016,2020,IL,16,17.2
2016,2020,IL,17,0.7
2016,2020,IL,18,27.3
2016,2020,IN,01,-12.6
2016,2020,IN,02,23.2
2016,2020,IN,03,35.0
2016,2020,IN,04,34.1
2016,2020,IN,05,11.8
2016,2020,IN,06,40.3
2016,2020,IN,07,-22.8
2016,2020,IN,08,33.7
2016,2020,IN,09,26.9
2016,2020,KS,01,45.0
2016,2020,KS,02,18.4
2016,2020,KS,03,-1.2
2016,2020,KS,04,27.2
2016,2020,KY,01,48.5
2016,2020,KY,02,39.9
2016,2020,KY,03,-15.0
2016,2020,KY,04,35.9
2016,2020,KY,05,62.1
2016,2020,KY,06,15.3
2016,2020,LA,01,42.0
2016,2020,LA,02,-52.4
2016,2020,LA,03,38.1
2016,2020,LA,04,24.0
2016,2020,LA,05,29.4
2016,2020,LA,06,33.8
2016,2020,MA,01,-20.7
2016,2020,MA,02,-19.4
2016,2020,MA,03,-22.8
2016,2020,MA,04,-24.2
2016,2020,MA,05,-43.6
2016,2020,MA,06,-17.9
2016,2020,MA,07,-72.2
2016,2020,MA,08,-26.0
2016,2020,MA,09,-10.7
2016,2020,MD,01,28.6
2016,2020,MD,02,-24.4
2016,2020,MD,03,-30.5
2016,2020,MD,04,-57.5
2016,2020,MD,05,-32.0
2016,2020,MD,06,-15.1
2016,2020,MD,07,-55.6
2016,2020,MD,08,-34.4
2016,2020,ME,01,-14.8
2016,2020,ME,02,10.3
2016,2020,MI,01,21.3
2016,2020,MI,02,17.6
2016,2020,MI,03,9.4
2016,2020,MI,04,24.8
2016,2020,MI,05,-4.2
2016,2020,MI,06,8.4
2016,2020,MI,07,17.0
2016,2020,MI,08,6.7
2016,2020,MI,09,-7.8
2016,2020,MI,10,32.2
2016,2020,MI,11,4.4
2016,2020,MI,12,-26.3
2016,2020,MI,13,-60.7
2016,2020,MI,14,-60.9
2016,2020,MN,01,14.9
2016,2020,MN,02,1.2
2016,2020,MN,03,-9.4
2016,2020,MN,04,-30.9
2016,2020,MN,05,-55.2
2016,2020,MN,06,25.7
2016,2020,MN,07,30.8
2016,2020,MN,08,15.6
2016,2020,MO,01,-58.2
2016,2020,MO,02,10.3
2016,2020,MO,03,39.0
2016,2020,MO,04,36.0
2016,2020,MO,05,-13.5
2016,2020,MO,06,31.4
2016,2020,MO,07,45.7
2016,2020,MO,08,54.4
2016,2020,MS,01,33.0
2016,2020,MS,02,-28.5
2016,2020,MS,03,24.5
2016,2020,MS,04,41.2
2016,2020,MT,01,20.6
2016,2020,NC,01,-11.1
2016,2020,NC,02,-24.4
2016,2020,NC,03,24.5
2016,2020,NC,04,-33.3
2016,2020,NC,05,36.9
2016,2020,NC,06,-21.5
2016,2020,NC,07,19.9
2016,2020,NC,08,9.1
2016,2020,NC,09,10.5
2016,2020,NC,10,38.3
2016,2020,NC,11,17.3
2016,2020,NC,12,-37.8
2016,2020,NC,13,36.4
2016,2020,ND,01,36.4
2016,2020,NE,01,21.3
2016,2020,NE,02,2.2
2016,2020,NE,03,54.9
2016,2020,NH,01,1.6
2016,2020,NH,02,-2.4
2016,2020,NJ,01,-24.5
2016,2020,NJ,02,4.6
2016,2020,NJ,03,6.2
2016,2020,NJ,04,14.8
2016,2020,NJ,05,1.1
2016,2020,NJ,06,-15.6
2016,2020,NJ,07,-1.1
2016,2020,NJ,08,-54.2
2016,2020,NJ,09,-31.2
2016,2020,NJ,10,-72.4
2016,2020,NJ,11,0.9
2016,2020,NJ,12,-33.2
2016,2020,NM,01,-16.5
2016,2020,NM,02,10.2
2016,2020,NM,03,-15.1
2016,2020,NV,01,-29.0
2016,2020,NV,02,12.3
2016,2020,NV,03,1.0
2016,2020,NV,04,-4.9
2016,2020,NY,01,12.3
2016,2020,NY,02,9.1
2016,2020,NY,03,-6.1
2016,2020,NY,04,-9.6
2016,2020,NY,05,-73.0
2016,2020,NY,06,-33.0
2016,2020,NY,07,-76.5
2016,2020,NY,08,-71.1
2016,2020,NY,09,-69.1
2016,2020,NY,10,-59.5
2016,2020,NY,11,9.8
2016,2020,NY,12,-69.8
2016,2020,NY,13,-86.9
2016,2020,NY,14,-57.9
2016,2020,NY,15,-88.9
2016,2020,NY,16,-52.6
2016,2020,NY,17,-20.2
2016,2020,NY,18,1.9
2016,2020,NY,19,6.8
2016,2020,NY,20,-13.5
2016,2020,NY,21,13.9
2016,2020,NY,22,15.5
2016,2020,NY,23,14.8
2016,2020,NY,24,-3.6
2016,2020,NY,25,-16.4
2016,2020,NY,26,-19.6
2016,2020,NY,27,24.5
2016,2020,OH,01,6.6
2016,2020,OH,02,16.1
2016,2020,OH,03,-38.4
2016,2020,OH,04,33.6
2016,2020,OH,05,25.1
2016,2020,OH,06,42.6
2016,2020,OH,07,29.7
2016,2020,OH,08,34.5
2016,2020,OH,09,-22.2
2016,2020,OH,10,7.3
2016,2020,OH,11,-63.5
2016,2020,OH,12,11.3
2016,2020,OH,13,-6.5
2016,2020,OH,14,11.5
2016,2020,OH,15,15.4
2016,2020,OH,16,16.6
2016,2020,OK,01,28.7
2016,2020,OK,02,50.1
2016,2020,OK,03,52.7
2016,2020,OK,04,37.4
2016,2020,OK,05,13.4
2016,2020,OR,01,-22.8
2016,2020,OR,02,20.1
2016,2020,OR,03,-48.2
2016,2020,OR,04,-0.1
2016,2020,OR,05,-4.2
2016,2020,PA,01,-2.0
2016,2020,PA,02,-48.0
2016,2020,PA,03,-83.9
2016,2020,PA,04,-19.3
2016,2020,PA,05,-28.2
2016,2020,PA,06,-9.3
2016,2020,PA,07,-1.1
2016,2020,PA,08,9.6
2016,2020,PA,09,34.0
2016,2020,PA,10,8.9
2016,2020,PA,11,25.8
2016,2020,PA,12,36.4
2016,2020,PA,13,45.7
2016,2020,PA,14,29.0
2016,2020,PA,15,43.3
2016,2020,PA,16,20.0
2016,2020,PA,17,2.6
2016,2020,PA,18,-27.5
2016,2020,RI,01,-25.6
2016,2020,RI,02,-7.1
2016,2020,SC,01,13.1
2016,2020,SC,02,17.7
2016,2020,SC,03,38.0
2016,2020,SC,04,25.7
2016,2020,SC,05,18.5
2016,2020,SC,06,-36.5
2016,2020,SC,07,18.9
2016,2020,SD,01,29.8
2016,2020,TN,01,57.0
2016,2020,TN,02,35.4
2016,2020,TN,03,35.2
2016,2020,TN,04,41.2
2016,2020,TN,05,-18.3
2016,2020,TN,06,48.9
2016,2020,TN,07,39.3
2016,2020,TN,08,35.6
2016,2020,TN,09,-57.7
2016,2020,TX,01,46.9
2016,2020,TX,02,9.3
2016,2020,TX,03,14.2
2016,2020,TX,04,53.6
2016,2020,TX,05,28.4
2016,2020,TX,06,12.3
2016,2020,TX,07,-1.4
2016,2020,TX,08,48.8
2016,2020,TX,09,-61.3
2016,2020,TX,10,9.1
2016,2020,TX,11,58.7
2016,2020,TX,12,30.2
2016,2020,TX,13,63.0
2016,2020,TX,14,19.8
2016,2020,TX,15,-16.7
2016,2020,TX,16,-40.7
2016,2020,TX,17,17.5
2016,2020,TX,18,-56.5
2016,2020,TX,19,49.0
2016,2020,TX,20,-26.7
2016,2020,TX,21,10.0
2016,2020,TX,22,7.9
2016,2020,TX,23,-3.4
2016,2020,TX,24,6.2
2016,2020,TX,25,14.9
2016,2020,TX,26,26.5
2016,2020,TX,27,23.6
2016,2020,TX,28,-19.8
2016,2020,TX,29,-45.7
2016,2020,TX,30,-60.8
2016,2020,TX,31,12.7
2016,2020,TX,32,-1.9
2016,2020,TX,33,-49.2
2016,2020,TX,34,-21.5
2016,2020,TX,35,-33.6
2016,2020,TX,36,46.8
2016,2020,UT,01,27.3
2016,2020,UT,02,14.0
2016,2020,UT,03,23.9
2016,2020,UT,04,6.7
2016,2020,VA,01,12.4
2016,2020,VA,02,3.4
2016,2020,VA,03,-31.7
2016,2020,VA,04,-21.6
2016,2020,VA,05,11.1
2016,2020,VA,06,24.8
2016,2020,VA,07,6.5
2016,2020,VA,08,-52.6
2016,2020,VA,09,41.5
2016,2020,VA,10,-10.0
2016,2020,VA,11,-39.4
2016,2020,VT,01,-26.4
2016,2020,WA,01,-16.3
2016,2020,WA,02,-22.1
2016,2020,WA,03,7.4
2016,2020,WA,04,22.8
2016,2020,WA,05,13.1
2016,2020,WA,06,-12.3
2016,2020,WA,07,-69.9
2016,2020,WA,08,-3.0
2016,2020,WA,09,-47.2
2016,2020,WA,10,-11.4
2016,2020,WI,01,10.3
2016,2020,WI,02,-36.8
2016,2020,WI,03,4.5
2016,2020,WI,04,-52.2
2016,2020,WI,05,20.1
2016,2020,WI,06,16.9
2016,2020,WI,07,20.4
2016,2020,WI,08,17.6
2016,2020,WV,01,41.6
2016,2020,WV,02,36.4
2016,2020,WV,03,49.2
2016,2020,WY,01,47.6
2020,2020,AK,01,10.1
2020,2020,AL,01,28.4
2020,2020,AL,02,28.8
2020,2020,AL,03,31.6
2020,2020,AL,04,63.4
2020,2020,AL,05,27.0
2020,2020,AL,06,35.2
2020,2020,AL,07,-42.3
2020,2020,AR,01,41.2
2020,2020,AR,02,8.8
2020,2020,AR,03,26.7
2020,2020,AR,04,38.1
2020,2020,AZ,01,-1.7
2020,2020,AZ,02,-10.6
2020,2020,AZ,03,-27.1
2020,2020,AZ,04,37.4
2020,2020,AZ,05,14.5
2020,2020,AZ,06,4.1
2020,2020,AZ,07,-49.0
2020,2020,AZ,08,15.9
2020,2020,AZ,09,-23.5
2020,2020,CA,01,15.3
2020,2020,CA,02,-49.7
2020,2020,CA,03,-12.2
2020,2020,CA,04,9.8
2020,2020,CA,05,-47.1
2020,2020,CA,06,-43.1
2020,2020,CA,07,-13.7
2020,2020,CA,08,10.4
2020,2020,CA,09,-18.0
2020,2020,CA,10,-2.9
2020,2020,CA,11,-50.7
2020,2020,CA,12,-74.2
2020,2020,CA,13,-79.9
2020,2020,CA,14,-57.2
2020,2020,CA,15,-45.1
2020,2020,CA,16,-19.9
2020,2020,CA,17,-47.0
2020,2020,CA,18,-55.1
2020,2020,CA,19,-42.1
2020,2020,CA,20,-47.7
2020,2020,CA,21,-10.9
2020,2020,CA,22,5.4
2020,2020,CA,23,16.6
2020,2020,CA,24,-23.8
2020,2020,CA,25,-10.1
2020,2020,CA,26,-24.9
2020,2020,CA,27,-36.4
2020,2020,CA,28,-43.7
2020,2020,CA,29,-50.4
2020,2020,CA,30,-39.3
2020,2020,CA,31,-19.9
2020,2020,CA,32,-32.4
2020,2020,CA,33,-40.0
2020,2020,CA,34,-63.9
2020,2020,CA,35,-32.5
2020,2020,CA,36,-13.6
2020,2020,CA,37,-70.5
2020,2020,CA,38,-33.3
2020,2020,CA,39,-10.1
2020,2020,CA,40,-56.5
2020,2020,CA,41,-25.6
2020,2020,CA,42,7.4
2020,2020,CA,43,-56.0
2020,2020,CA,44,-59.2
2020,2020,CA,45,-11.3
2020,2020,CA,46,-30.8
2020,2020,CA,47,-27.1
2020,2020,CA,48,-1.5
2020,2020,CA,49,-12.7
2020,2020,CA,50,7.7
2020,2020,CA,51,-36.0
2020,2020,CA,52,-29.2
2020,2020,CA,53,-36.1
2020,2020,CO,01,-53.5
2020,2020,CO,02,-30.1
2020,2020,CO,03,5.5
2020,2020,CO,04,15.8
2020,2020,CO,05,12.9
2020,2020,CO,06,-19.0
2020,2020,CO,07,-22.9
2020,2020,CT,01,-28.0
2020,2020,CT,02,-11.0
2020,2020,CT,03,-21.1
2020,2020,CT,04,-29.7
2020,2020,CT,05,-10.7
2020,2020,DE,01,-19.0
2020,2020,FL,01,33.5
2020,2020,FL,02,35.0
2020,2020,FL,03,13.2
2020,2020,FL,04,21.0
2020,2020,FL,05,-26.5
2020,2020,FL,06,17.5
2020,2020,FL,07,-10.4
2020,2020,FL,08,17.7
2020,2020,FL,09,-6.9
2020,2020,FL,10,-25.0
2020,2020,FL,11,31.6
2020,2020,FL,12,16.9
2020,2020,FL,13,-4.1
2020,2020,FL,14,-15.6
2020,2020,FL,15,8.5
2020,2020,FL,16,8.1
2020,2020,FL,17,27.4
2020,2020,FL,18,8.4
2020,2020,FL,19,20.1
2020,2020,FL,20,-55.2
2020,2020,FL,21,-17.0
2020,2020,FL,22,-14.8
2020,2020,FL,23,-17.1
2020,2020,FL,24,-51.4
2020,2020,FL,25,23.0
2020,2020,FL,26,5.6
2020,2020,FL,27,-3.2
2020,2020,GA,01,12.4
2020,2020,GA,02,-12.3
2020,2020,GA,03,25.2
2020,2020,GA,04,-58.6
2020,2020,GA,05,-73.6
2020,2020,GA,06,-11.1
2020,2020,GA,07,-6.3
2020,2020,GA,08,25.0
2020,2020,GA,09,54.0
2020,2020,GA,10,20.4
2020,2020,GA,11,15.4
2020,2020,GA,12,12.8
2020,2020,GA,13,-52.2
2020,2020,GA,14,48.1
2020,2020,HI,01,-29.3
2020,2020,HI,02,-29.6
2020,2020,IA,01,3.4
2020,2020,IA,02,4.0
2020,2020,IA,03,0.1
2020,2020,IA,04,27.0
2020,2020,ID,01,37.0
2020,2020,ID,02,23.5
2020,2020,IL,01,-49.2
2020,2020,IL,02,-56.3
2020,2020,IL,03,-12.6
2020,2020,IL,04,-63.4
2020,2020,IL,05,-46.1
2020,2020,IL,06,-12.7
2020,2020,IL,07,-74.2
2020,2020,IL,08,-20.2
2020,2020,IL,09,-43.6
2020,2020,IL,10,-30.2
2020,2020,IL,11,-25.7
2020,2020,IL,12,14.2
2020,2020,IL,13,3.5
2020,2020,IL,14,-2.4
2020,2020,IL,15,46.3
2020,2020,IL,16,16.0
2020,2020,IL,17,1.6
2020,2020,IL,18,24.1
2020,2020,IN,01,-8.8
2020,2020,IN,02,20.4
2020,2020,IN,03,29.9
2020,2020,IN,04,29.8
2020,2020,IN,05,2.2
2020,2020,IN,06,39.7
2020,2020,IN,07,-27.6
2020,2020,IN,08,32.0
2020,2020,IN,09,23.6
2020,2020,KS,01,41.6
2020,2020,KS,02,15.0
2020,2020,KS,03,-10.6
2020,2020,KS,04,21.7
2020,2020,KY,01,47.6
2020,2020,KY,02,37.0
2020,2020,KY,03,-21.9
2020,2020,KY,04,31.3
2020,2020,KY,05,61.5
2020,2020,KY,06,9.1
2020,2020,LA,01,37.9
2020,2020,LA,02,-52.3
2020,2020,LA,03,37.9
2020,2020,LA,04,24.5
2020,2020,LA,05,30.4
2020,2020,LA,06,29.4
2020,2020,MA,01,-24.2
2020,2020,MA,02,-25.8
2020,2020,MA,03,-28.8
2020,2020,MA,04,-30.8
2020,2020,MA,05,-50.6
2020,2020,MA,06,-27.0
2020,2020,MA,07,-72.0
2020,2020,MA,08,-34.0
2020,2020,MA,09,-17.6
2020,2020,MD,01,19.7
2020,2020,MD,02,-33.4
2020,2020,MD,03,-39.3
2020,2020,MD,04,-59.9
2020,2020,MD,05,-38.9
2020,2020,MD,06,-23.1
2020,2020,MD,07,-58.4
2020,2020,MD,08,-40.4
2020,2020,ME,01,-23.1
2020,2020,ME,02,7.5
2020,2020,MI,01,17.3
2020,2020,MI,02,11.8
2020,2020,MI,03,3.2
2020,2020,MI,04,24.1
2020,2020,MI,05,-4.3
2020,2020,MI,06,4.5
2020,2020,MI,07,15.5
2020,2020,MI,08,0.8
2020,2020,MI,09,-13.2
2020,2020,MI,10,29.8
2020,2020,MI,11,-4.5
2020,2020,MI,12,-29.8
2020,2020,MI,13,-58.8
2020,2020,MI,14,-60.0
2020,2020,MN,01,10.1
2020,2020,MN,02,-6.9
2020,2020,MN,03,-19.3
2020,2020,MN,04,-37.0
2020,2020,MN,05,-62.6
2020,2020,MN,06,20.2
2020,2020,MN,07,29.4
2020,2020,MN,08,14.6
2020,2020,MO,01,-62.2
2020,2020,MO,02,0.0
2020,2020,MO,03,35.5
2020,2020,MO,04,34.1
2020,2020,MO,05,-18.8
2020,2020,MO,06,28.3
2020,2020,MO,07,41.9
2020,2020,MO,08,56.0
2020,2020,MS,01,31.0
2020,2020,MS,02,-28.5
2020,2020,MS,03,21.5
2020,2020,MS,04,38.0
2020,2020,MT,01,16.3
2020,2020,NC,01,-8.6
2020,2020,NC,02,-30.3
2020,2020,NC,03,23.2
2020,2020,NC,04,-34.4
2020,2020,NC,05,35.8
2020,2020,NC,06,-24.4
2020,2020,NC,07,17.4
2020,2020,NC,08,6.4
2020,2020,NC,09,7.9
2020,2020,NC,10,36.5
2020,2020,NC,11,12.1
2020,2020,NC,12,-41.6
2020,2020,NC,13,35.3
2020,2020,ND,01,33.6
2020,2020,NE,01,15.0
2020,2020,NE,02,-6.5
2020,2020,NE,03,53.2
2020,2020,NH,01,-6.0
2020,2020,NH,02,-8.7
2020,2020,NJ,01,-25.5
2020,2020,NJ,02,2.9
2020,2020,NJ,03,0.2
2020,2020,NJ,04,10.5
2020,2020,NJ,05,-5.2
2020,2020,NJ,06,-15.7
2020,2020,NJ,07,-9.9
2020,2020,NJ,08,-44.6
2020,2020,NJ,09,-25.4
2020,2020,NJ,10,-69.2
2020,2020,NJ,11,-6.7
2020,2020,NJ,12,-35.9
2020,2020,NM,01,-22.8
2020,2020,NM,02,11.8
2020,2020,NM,03,-17.6
2020,2020,NV,01,-25.1
2020,2020,NV,02,10.0
2020,2020,NV,03,-0.2
2020,2020,NV,04,-3.9
2020,2020,NY,01,4.2
2020,2020,NY,02,4.0
2020,2020,NY,03,-10.4
2020,2020,NY,04,-12.2
2020,2020,NY,05,-67.1
2020,2020,NY,06,-24.4
2020,2020,NY,07,-64.5
2020,2020,NY,08,-66.4
2020,2020,NY,09,-63.6
2020,2020,NY,10,-53.2
2020,2020,NY,11,10.5
2020,2020,NY,12,-69.3
2020,2020,NY,13,-77.0
2020,2020,NY,14,-47.4
2020,2020,NY,15,-73.4
2020,2020,NY,16,-51.5
2020,2020,NY,17,-20.2
2020,2020,NY,18,-5.0
2020,2020,NY,19,-1.5
2020,2020,NY,20,-20.6
2020,2020,NY,21,10.4
2020,2020,NY,22,11.5
2020,2020,NY,23,11.2
2020,2020,NY,24,-9.0
2020,2020,NY,25,-22.3
2020,2020,NY,26,-27.0
2020,2020,NY,27,15.7
2020,2020,OH,01,3.2
2020,2020,OH,02,12.7
2020,2020,OH,03,-41.6
2020,2020,OH,04,35.9
2020,2020,OH,05,24.9
2020,2020,OH,06,45.7
2020,2020,OH,07,32.1
2020,2020,OH,08,33.5
2020,2020,OH,09,-19.1
2020,2020,OH,10,4.4
2020,2020,OH,11,-60.6
2020,2020,OH,12,5.9
2020,2020,OH,13,-3.4
2020,2020,OH,14,9.0
2020,2020,OH,15,14.1
2020,2020,OH,16,14.3
2020,2020,OK,01,22.8
2020,2020,OK,02,54.0
2020,2020,OK,03,51.5
2020,2020,OK,04,33.6
2020,2020,OK,05,5.3
2020,2020,OR,01,-29.3
2020,2020,OR,02,13.5
2020,2020,OR,03,-50.8
2020,2020,OR,04,-4.0
2020,2020,OR,05,-9.7
2020,2020,PA,01,-5.8
2020,2020,PA,02,-41.0
2020,2020,PA,03,-83.2
2020,2020,PA,04,-24.1
2020,2020,PA,05,-31.1
2020,2020,PA,06,-15.0
2020,2020,PA,07,-4.8
2020,2020,PA,08,4.4
2020,2020,PA,09,30.4
2020,2020,PA,10,2.9
2020,2020,PA,11,21.9
2020,2020,PA,12,36.1
2020,2020,PA,13,44.4
2020,2020,PA,14,27.5
2020,2020,PA,15,43.7
2020,2020,PA,16,18.7
2020,2020,PA,17,-2.7
2020,2020,PA,18,-30.1
2020,2020,RI,01,-29.3
2020,2020,RI,02,-13.5
2020,2020,SC,01,6.0
2020,2020,SC,02,11.3
2020,2020,SC,03,37.6
2020,2020,SC,04,20.4
2020,2020,SC,05,16.6
2020,2020,SC,06,-35.2
2020,2020,SC,07,18.6
2020,2020,SD,01,26.2
2020,2020,TN,01,54.1
2020,2020,TN,02,29.1
2020,2020,TN,03,32.4
2020,2020,TN,04,36.8
2020,2020,TN,05,-23.6
2020,2020,TN,06,47.1
2020,2020,TN,07,35.6
2020,2020,TN,08,32.2
2020,2020,TN,09,-58.7
2020,2020,TX,01,44.4
2020,2020,TX,02,1.3
2020,2020,TX,03,1.1
2020,2020,TX,04,50.0
2020,2020,TX,05,23.0
2020,2020,TX,06,3.0
2020,2020,TX,07,-8.5
2020,2020,TX,08,42.5
2020,2020,TX,09,-52.4
2020,2020,TX,10,1.6
2020,2020,TX,11,59.4
2020,2020,TX,12,22.6
2020,2020,TX,13,59.8
2020,2020,TX,14,19.4
2020,2020,TX,15,-1.9
2020,2020,TX,16,-34.4
2020,2020,TX,17,11.0
2020,2020,TX,18,-52.7
2020,2020,TX,19,45.9
2020,2020,TX,20,-29.0
2020,2020,TX,21,2.7
2020,2020,TX,22,0.9
2020,2020,TX,23,1.8
2020,2020,TX,24,-5.4
2020,2020,TX,25,9.6
2020,2020,TX,26,14.2
2020,2020,TX,27,23.7
2020,2020,TX,28,-4.4
2020,2020,TX,29,-33.0
2020,2020,TX,30,-60.9
2020,2020,TX,31,2.8
2020,2020,TX,32,-10.4
2020,2020,TX,33,-47.4
2020,2020,TX,34,-4.0
2020,2020,TX,35,-37.2
2020,2020,TX,36,45.0
2020,2020,UT,01,32.6
2020,2020,UT,02,15.9
2020,2020,UT,03,25.1
2020,2020,UT,04,9.1
2020,2020,VA,01,4.4
2020,2020,VA,02,-4.7
2020,2020,VA,03,-36.0
2020,2020,VA,04,-25.0
2020,2020,VA,05,8.5
2020,2020,VA,06,21.2
2020,2020,VA,07,-1.1
2020,2020,VA,08,-56.5
2020,2020,VA,09,42.0
2020,2020,VA,10,-19.3
2020,2020,VA,11,-42.0
2020,2020,VT,01,-35.6
2020,2020,WA,01,-20.9
2020,2020,WA,02,-27.0
2020,2020,WA,03,3.7
2020,2020,WA,04,18.2
2020,2020,WA,05,9.0
2020,2020,WA,06,-17.8
2020,2020,WA,07,-73.4
2020,2020,WA,08,-6.5
2020,2020,WA,09,-48.7
2020,2020,WA,10,-15.5
2020,2020,WI,01,9.2
2020,2020,WI,02,-40.2
2020,2020,WI,03,4.7
2020,2020,WI,04,-53.6
2020,2020,WI,05,15.1
2020,2020,WI,06,15.2
2020,2020,WI,07,19.9
2020,2020,WI,08,15.9
2020,2020,WV,01,37.7
2020,2020,WV,02,32.6
2020,2020,WV,03,47.6
2020,2020,WY,01,43.7
2020,2024,AK,01,10.11
2020,2024,AL,01,50.39
2020,2024,AL,02,-12.41
2020,2024,AL,03,40.99
2020,2024,AL,04,62.12
2020,2024,AL,05,27.12
2020,2024,AL,06,38.02
2020,2024,AL,07,-28.91
2020,2024,AR,01,40.91
2020,2024,AR,02,13.13
2020,2024,AR,03,23.42
2020,2024,AR,04,35.25
2020,2024,AZ,01,-1.49
2020,2024,AZ,02,7.88
2020,2024,AZ,03,-50.63
2020,2024,AZ,04,-10.3
2020,2024,AZ,05,16.38
2020,2024,AZ,06,-0.07
2020,2024,AZ,07,-32.77
2020,2024,AZ,08,13.53
2020,2024,AZ,09,25.76
2020,2024,CA,01,19.1
2020,2024,CA,02,-49.48
2020,2024,CA,03,1.8
2020,2024,CA,04,-36.56
2020,2024,CA,05,12.3
2020,2024,CA,06,-18.42
2020,2024,CA,07,-37.17
2020,2024,CA,08,-54.0
2020,2024,CA,09,-12.62
2020,2024,CA,10,-39.36
2020,2024,CA,11,-74.55
2020,2024,CA,12,-80.69
2020,2024,CA,13,-10.85
2020,2024,CA,14,-45.45
2020,2024,CA,15,-57.35
2020,2024,CA,16,-53.03
2020,2024,CA,17,-47.42
2020,2024,CA,18,-44.07
2020,2024,CA,19,-39.59
2020,2024,CA,20,24.87
2020,2024,CA,21,-20.31
2020,2024,CA,22,-12.9
2020,2024,CA,23,9.81
2020,2024,CA,24,-29.06
2020,2024,CA,25,-15.3
2020,2024,CA,26,-19.98
2020,2024,CA,27,-12.37
2020,2024,CA,28,-34.2
2020,2024,CA,29,-51.3
2020,2024,CA,30,-46.22
2020,2024,CA,31,-31.05
2020,2024,CA,32,-40.78
2020,2024,CA,33,-25.32
2020,2024,CA,34,-64.25
2020,2024,CA,35,-27.63
2020,2024,CA,36,-44.1
2020,2024,CA,37,-73.27
2020,2024,CA,38,-30.18
2020,2024,CA,39,-26.12
2020,2024,CA,40,-1.87
2020,2024,CA,41,1.08
2020,2024,CA,42,-45.83
2020,2024,CA,43,-63.79
2020,2024,CA,44,-48.19
2020,2024,CA,45,-6.19
2020,2024,CA,46,-30.4
2020,2024,CA,47,-11.07
2020,2024,CA,48,12.32
2020,2024,CA,49,-11.41
2020,2024,CA,50,-33.14
2020,2024,CA,51,-27.3
2020,2024,CA,52,-36.87
2020,2024,CO,01,-61.29
2020,2024,CO,02,-39.87
2020,2024,CO,03,8.25
2020,2024,CO,04,18.55
2020,2024,CO,05,10.11
2020,2024,CO,06,-23.8
2020,2024,CO,07,-14.18
2020,2024,CO,08,-4.55
2020,2024,CT,01,-28.08
2020,2024,CT,02,-11.44
2020,2024,CT,03,-19.72
2020,2024,CT,04,-31.0
2020,2024,CT,05,-10.75
2020,2024,DE,01,-18.98
2020,2024,FL,01,32.31
2020,2024,FL,02,10.99
2020,2024,FL,03,14.09
2020,2024,FL,04,6.69
2020,2024,FL,05,15.8
2020,2024,FL,06,23.67
2020,2024,FL,07,5.55
2020,2024,FL,08,17.64
2020,2024,FL,09,-17.44
2020,2024,FL,10,-31.78
2020,2024,FL,11,10.88
2020,2024,FL,12,28.73
2020,2024,FL,13,6.75
2020,2024,FL,14,-19.15
2020,2024,FL,15,3.15
2020,2024,FL,16,8.9
2020,2024,FL,17,15.95
2020,2024,FL,18,22.8
2020,2024,FL,19,21.03
2020,2024,FL,20,-52.37
2020,2024,FL,21,9.44
2020,2024,FL,22,-17.61
2020,2024,FL,23,-13.23
2020,2024,FL,24,-49.07
2020,2024,FL,25,-19.91
2020,2024,FL,26,18.32
2020,2024,FL,27,0.32
2020,2024,FL,28,6.35
2020,2024,GA,01,13.42
2020,2024,GA,02,-10.35
2020,2024,GA,03,30.07
2020,2024,GA,04,-57.72
2020,2024,GA,05,-72.72
2020,2024,GA,06,-49.46
2020,2024,GA,07,19.46
2020,2024,GA,08,27.62
2020,2024,GA,09,32.28
2020,2024,GA,10,21.24
2020,2024,GA,11,21.93
2020,2024,GA,12,10.15
2020,2024,GA,13,-40.57
2020,2024,GA,14,37.53
2020,2024,HI,01,-29.43
2020,2024,HI,02,-29.49
2020,2024,IA,01,2.89
2020,2024,IA,02,4.4
2020,2024,IA,03,0.34
2020,2024,IA,04,26.04
2020,2024,ID,01,38.17
2020,2024,ID,02,22.94
2020,2024,IL,01,-42.37
2020,2024,IL,02,-40.02
2020,2024,IL,03,-41.43
2020,2024,IL,04,-46.42
2020,2024,IL,05,-39.59
2020,2024,IL,06,-10.88
2020,2024,IL,07,-72.82
2020,2024,IL,08,-15.41
2020,2024,IL,09,-41.55
2020,2024,IL,10,-25.86
2020,2024,IL,11,-15.29
2020,2024,IL,12,42.79
2020,2024,IL,13,-11.21
2020,2024,IL,14,-11.47
2020,2024,IL,15,38.74
2020,2024,IL,16,21.51
2020,2024,IL,17,-7.79
2020,2024,IN,01,-8.36
2020,2024,IN,02,22.57
2020,2024,IN,03,29.9
2020,2024,IN,04,29.14
2020,2024,IN,05,15.93
2020,2024,IN,06,31.93
2020,2024,IN,07,-42.37
2020,2024,IN,08,32.84
2020,2024,IN,09,27.32
2020,2024,KS,01,29.63
2020,2024,KS,02,16.29
2020,2024,KS,03,-4.45
2020,2024,KS,04,21.74
2020,2024,KY,01,42.74
2020,2024,KY,02,36.74
2020,2024,KY,03,-22.34
2020,2024,KY,04,32.51
2020,2024,KY,05,59.37
2020,2024,KY,06,10.99
2020,2024,LA,01,38.15
2020,2024,LA,02,-35.92
2020,2024,LA,03,42.28
2020,2024,LA,04,49.19
2020,2024,LA,05,33.73
2020,2024,LA,06,-19.69
2020,2024,MA,01,-21.66
2020,2024,MA,02,-30.83
2020,2024,MA,03,-27.41
2020,2024,MA,04,-28.47
2020,2024,MA,05,-51.15
2020,2024,MA,06,-27.61
2020,2024,MA,07,-72.44
2020,2024,MA,08,-35.46
2020,2024,MA,09,-18.19
2020,2024,MD,01,14.53
2020,2024,MD,02,-20.83
2020,2024,MD,03,-25.52
2020,2024,MD,04,-80.99
2020,2024,MD,05,-36.48
2020,2024,MD,06,-9.83
2020,2024,MD,07,-63.5
2020,2024,MD,08,-62.6
2020,2024,ME,01,-22.8
2020,2024,ME,02,6.09
2020,2024,MI,01,19.78
2020,2024,MI,02,28.21
2020,2024,MI,03,-8.49
2020,2024,MI,04,3.94
2020,2024,MI,05,24.16
2020,2024,MI,06,-26.67
2020,2024,MI,07,-0.53
2020,2024,MI,08,-2.03
2020,2024,MI,09,29.45
2020,2024,MI,10,0.98
2020,2024,MI,11,-19.83
2020,2024,MI,12,-48.53
2020,2024,MI,13,-49.56
2020,2024,MN,01,9.2
2020,2024,MN,02,-7.18
2020,2024,MN,03,-20.98
2020,2024,MN,04,-37.65
2020,2024,MN,05,-63.12
2020,2024,MN,06,17.65
2020,2024,MN,07,33.21
2020,2024,MN,08,11.31
2020,2024,MO,01,-58.38
2020,2024,MO,02,7.75
2020,2024,MO,03,26.31
2020,2024,MO,04,39.35
2020,2024,MO,05,-26.3
2020,2024,MO,06,37.1
2020,2024,MO,07,41.39
2020,2024,MO,08,51.35
2020,2024,MS,01,31.69
2020,2024,MS,02,-26.09
2020,2024,MS,03,24.33
2020,2024,MS,04,37.99
2020,2024,MT,01,6.88
2020,2024,MT,02,26.84
2020,2024,NC,01,-1.68
2020,2024,NC,02,-35.35
2020,2024,NC,03,17.3
2020,2024,NC,04,-46.17
2020,2024,NC,05,15.39
2020,2024,NC,06,16.26
2020,2024,NC,07,11.03
2020,2024,NC,08,17.76
2020,2024,NC,09,13.9
2020,2024,NC,10,16.06
2020,2024,NC,11,11.0
2020,2024,NC,12,-50.21
2020,2024,NC,13,17.25
2020,2024,NC,14,16.15
2020,2024,ND,01,33.53
2020,2024,NE,01,11.06
2020,2024,NE,02,-6.33
2020,2024,NE,03,51.83
2020,2024,NH,01,-5.93
2020,2024,NH,02,-8.83
2020,2024,NJ,01,-24.43
2020,2024,NJ,02,4.91
2020,2024,NJ,03,-13.99
2020,2024,NJ,04,22.44
2020,2024,NJ,05,-12.4
2020,2024,NJ,06,-19.25
2020,2024,NJ,07,-3.86
2020,2024,NJ,08,-45.33
2020,2024,NJ,09,-18.91
2020,2024,NJ,10,-62.05
2020,2024,NJ,11,-16.93
2020,2024,NJ,12,-34.44
2020,2024,NM,01,-14.45
2020,2024,NM,02,-5.88
2020,2024,NM,03,-10.75
2020,2024,NV,01,-8.52
2020,2024,NV,02,11.02
2020,2024,NV,03,-6.64
2020,2024,NV,04,-8.27
2020,2024,NY,01,1.75
2020,2024,NY,02,2.44
2020,2024,NY,03,-11.31
2020,2024,NY,04,-14.54
2020,2024,NY,05,-62.37
2020,2024,NY,06,-29.35
2020,2024,NY,07,-60.52
2020,2024,NY,08,-55.5
2020,2024,NY,09,-52.11
2020,2024,NY,10,-70.76
2020,2024,NY,11,7.64
2020,2024,NY,12,-71.38
2020,2024,NY,13,-77.04
2020,2024,NY,14,-55.18
2020,2024,NY,15,-70.54
2020,2024,NY,16,-44.59
2020,2024,NY,17,-10.07
2020,2024,NY,18,-9.09
2020,2024,NY,19,-4.47
2020,2024,NY,20,-19.15
2020,2024,NY,21,15.66
2020,2024,NY,22,-11.36
2020,2024,NY,23,18.18
2020,2024,NY,24,20.25
2020,2024,NY,25,-20.63
2020,2024,NY,26,-25.14
2020,2024,OH,01,-8.45
2020,2024,OH,02,45.36
2020,2024,OH,03,-43.77
2020,2024,OH,04,35.67
2020,2024,OH,05,26.79
2020,2024,OH,06,28.72
2020,2024,OH,07,9.22
2020,2024,OH,08,22.03
2020,2024,OH,09,2.92
2020,2024,OH,10,3.52
2020,2024,OH,11,-57.6
2020,2024,OH,12,30.87
2020,2024,OH,13,-2.82
2020,2024,OH,14,14.94
2020,2024,OH,15,6.75
2020,2024,OK,01,21.35
2020,2024,OK,02,53.38
2020,2024,OK,03,44.63
2020,2024,OK,04,31.62
2020,2024,OK,05,16.88
2020,2024,OR,01,-39.32
2020,2024,OR,02,24.44
2020,2024,OR,03,-47.31
2020,2024,OR,04,-12.73
2020,2024,OR,05,-8.87
2020,2024,OR,06,-13.18
2020,2024,PA,01,-4.64
2020,2024,PA,02,-42.74
2020,2024,PA,03,-80.89
2020,2024,PA,04,-18.93
2020,2024,PA,05,-32.28
2020,2024,PA,06,-14.72
2020,2024,PA,07,-0.62
2020,2024,PA,08,2.9
2020,2024,PA,09,36.53
2020,2024,PA,10,4.13
2020,2024,PA,11,21.25
2020,2024,PA,12,-19.95
2020,2024,PA,13,45.22
2020,2024,PA,14,31.5
2020,2024,PA,15,37.02
2020,2024,PA,16,20.64
2020,2024,PA,17,-5.83
2020,2024,RI,01,-29.1
2020,2024,RI,02,-13.74
2020,2024,SC,01,8.63
2020,2024,SC,02,10.58
2020,2024,SC,03,37.47
2020,2024,SC,04,18.55
2020,2024,SC,05,18.18
2020,2024,SC,06,-32.11
2020,2024,SC,07,18.66
2020,2024,SD,01,26.16
2020,2024,TN,01,54.24
2020,2024,TN,02,29.22
2020,2024,TN,03,31.91
2020,2024,TN,04,37.74
2020,2024,TN,05,11.29
2020,2024,TN,06,29.13
2020,2024,TN,07,15.13
2020,2024,TN,08,37.3
2020,2024,TN,09,-48.15
2020,2024,TX,01,45.9
2020,2024,TX,02,22.77
2020,2024,TX,03,14.42
2020,2024,TX,04,25.96
2020,2024,TX,05,22.43
2020,2024,TX,06,23.96
2020,2024,TX,07,-29.74
2020,2024,TX,08,27.19
2020,2024,TX,09,-53.44
2020,2024,TX,10,18.78
2020,2024,TX,11,40.36
2020,2024,TX,12,18.13
2020,2024,TX,13,45.49
2020,2024,TX,14,28.54
2020,2024,TX,15,2.88
2020,2024,TX,16,-35.43
2020,2024,TX,17,22.55
2020,2024,TX,18,-48.55
2020,2024,TX,19,46.24
2020,2024,TX,20,-33.1
2020,2024,TX,21,19.7
2020,2024,TX,22,16.05
2020,2024,TX,23,7.19
2020,2024,TX,24,12.35
2020,2024,TX,25,31.15
2020,2024,TX,26,18.55
2020,2024,TX,27,22.43
2020,2024,TX,28,-7.05
2020,2024,TX,29,-36.74
2020,2024,TX,30,-56.74
2020,2024,TX,31,20.26
2020,2024,TX,32,-32.96
2020,2024,TX,33,-49.9
2020,2024,TX,34,-15.55
2020,2024,TX,35,-45.23
2020,2024,TX,36,31.59
2020,2024,TX,37,-52.82
2020,2024,TX,38,18.13
2020,2024,UT,01,19.87
2020,2024,UT,02,17.13
2020,2024,UT,03,19.22
2020,2024,UT,04,25.9
2020,2024,VA,01,6.18
2020,2024,VA,02,-1.91
2020,2024,VA,03,-38.37
2020,2024,VA,04,-35.68
2020,2024,VA,05,8.27
2020,2024,VA,06,21.51
2020,2024,VA,07,-6.8
2020,2024,VA,08,-56.02
2020,2024,VA,09,41.87
2020,2024,VA,10,-18.05
2020,2024,VA,11,-41.28
2020,2024,VT,01,-35.6
2020,2024,WA,01,-30.63
2020,2024,WA,02,-22.92
2020,2024,WA,03,4.2
2020,2024,WA,04,16.95
2020,2024,WA,05,9.96
2020,2024,WA,06,-17.21
2020,2024,WA,07,-75.51
2020,2024,WA,08,-6.72
2020,2024,WA,09,-45.21
2020,2024,WA,10,-17.7
2020,2024,WI,01,2.01
2020,2024,WI,02,-41.75
2020,2024,WI,03,4.68
2020,2024,WI,04,-53.07
2020,2024,WI,05,22.9
2020,2024,WI,06,15.67
2020,2024,WI,07,19.96
2020,2024,WI,08,15.49
2020,2024,WV,01,40.9
2020,2024,WV,02,37.01
2020,2024,WY,01,43.66
2024,2024,AK,01,13.13
2024,2024,AL,01,55.32
2024,2024,AL,02,-8.23
2024,2024,AL,03,46.69
2024,2024,AL,04,66.42
2024,2024,AL,05,29.11
2024,2024,AL,06,38.55
2024,2024,AL,07,-23.36
2024,2024,AR,01,45.29
2024,2024,AR,02,15.53
2024,2024,AR,03,24.89
2024,2024,AR,04,39.91
2024,2024,AZ,01,3.11
2024,2024,AZ,02,14.97
2024,2024,AZ,03,-39.75
2024,2024,AZ,04,-6.67
2024,2024,AZ,05,19.98
2024,2024,AZ,06,0.75
2024,2024,AZ,07,-22.13
2024,2024,AZ,08,16.33
2024,2024,AZ,09,31.08
2024,2024,CA,01,24.95
2024,2024,CA,02,-45.16
2024,2024,CA,03,3.82
2024,2024,CA,04,-31.22
2024,2024,CA,05,17.72
2024,2024,CA,06,-13.87
2024,2024,CA,07,-29.75
2024,2024,CA,08,-43.57
2024,2024,CA,09,1.78
2024,2024,CA,10,-33.78
2024,2024,CA,11,-67.72
2024,2024,CA,12,-73.9
2024,2024,CA,13,5.43
2024,2024,CA,14,-35.43
2024,2024,CA,15,-47.89
2024,2024,CA,16,-48.52
2024,2024,CA,17,-37.9
2024,2024,CA,18,-29.51
2024,2024,CA,19,-34.39
2024,2024,CA,20,30.32
2024,2024,CA,21,-3.78
2024,2024,CA,22,5.83
2024,2024,CA,23,16.85
2024,2024,CA,24,-25.04
2024,2024,CA,25,-2.48
2024,2024,CA,26,-13.16
2024,2024,CA,27,-3.89
2024,2024,CA,28,-26.93
2024,2024,CA,29,-34.8
2024,2024,CA,30,-41.06
2024,2024,CA,31,-16.91
2024,2024,CA,32,-31.35
2024,2024,CA,33,-8.74
2024,2024,CA,34,-50.64
2024,2024,CA,35,-10.28
2024,2024,CA,36,-39.11
2024,2024,CA,37,-60.39
2024,2024,CA,38,-16.08
2024,2024,CA,39,-9.69
2024,2024,CA,40,2.32
2024,2024,CA,41,5.93
2024,2024,CA,42,-32.43
2024,2024,CA,43,-48.97
2024,2024,CA,44,-33.82
2024,2024,CA,45,-1.53
2024,2024,CA,46,-17.72
2024,2024,CA,47,-4.17
2024,2024,CA,48,15.31
2024,2024,CA,49,-7.76
2024,2024,CA,50,-29.56
2024,2024,CA,51,-23.5
2024,2024,CA,52,-21.19
2024,2024,CO,01,-56.07
2024,2024,CO,02,-39.79
2024,2024,CO,03,9.73
2024,2024,CO,04,18.26
2024,2024,CO,05,9.09
2024,2024,CO,06,-19.78
2024,2024,CO,07,-14.99
2024,2024,CO,08,1.83
2024,2024,CT,01,-22.88
2024,2024,CT,02,-7.73
2024,2024,CT,03,-14.06
2024,2024,CT,04,-23.36
2024,2024,CT,05,-5.59
2024,2024,DE,01,-14.74
2024,2024,FL,01,37.2
2024,2024,FL,02,18.0
2024,2024,FL,03,21.12
2024,2024,FL,04,11.84
2024,2024,FL,05,21.44
2024,2024,FL,06,30.09
2024,2024,FL,07,12.48
2024,2024,FL,08,22.34
2024,2024,FL,09,-3.52
2024,2024,FL,10,-22.71
2024,2024,FL,11,16.26
2024,2024,FL,12,34.58
2024,2024,FL,13,11.85
2024,2024,FL,14,-7.67
2024,2024,FL,15,11.19
2024,2024,FL,16,15.47
2024,2024,FL,17,23.94
2024,2024,FL,18,29.4
2024,2024,FL,19,29.17
2024,2024,FL,20,-39.6
2024,2024,FL,21,16.57
2024,2024,FL,22,-5.57
2024,2024,FL,23,-1.9
2024,2024,FL,24,-30.06
2024,2024,FL,25,-5.33
2024,2024,FL,26,34.97
2024,2024,FL,27,14.66
2024,2024,FL,28,25.4
2024,2024,GA,01,15.81
2024,2024,GA,02,-7.62
2024,2024,GA,03,29.7
2024,2024,GA,04,-52.47
2024,2024,GA,05,-71.6
2024,2024,GA,06,-49.93
2024,2024,GA,07,22.05
2024,2024,GA,08,30.59
2024,2024,GA,09,34.07
2024,2024,GA,10,20.78
2024,2024,GA,11,23.34
2024,2024,GA,12,14.17
2024,2024,GA,13,-42.33
2024,2024,GA,14,36.78
2024,2024,HI,01,-24.73
2024,2024,HI,02,-21.59
2024,2024,IA,01,8.46
2024,2024,IA,02,9.99
2024,2024,IA,03,4.4
2024,2024,IA,04,31.48
2024,2024,ID,01,45.07
2024,2024,ID,02,26.73
2024,2024,IL,01,-32.04
2024,2024,IL,02,-33.11
2024,2024,IL,03,-31.39
2024,2024,IL,04,-28.33
2024,2024,IL,05,-37.12
2024,2024,IL,06,-5.49
2024,2024,IL,07,-65.38
2024,2024,IL,08,-6.91
2024,2024,IL,09,-36.57
2024,2024,IL,10,-22.04
2024,2024,IL,11,-11.43
2024,2024,IL,12,43.42
2024,2024,IL,13,-10.47
2024,2024,IL,14,-5.19
2024,2024,IL,15,39.75
2024,2024,IL,16,22.68
2024,2024,IL,17,-4.74
2024,2024,IN,01,-0.39
2024,2024,IN,02,26.51
2024,2024,IN,03,31.19
2024,2024,IN,04,29.34
2024,2024,IN,05,16.81
2024,2024,IN,06,32.53
2024,2024,IN,07,-41.45
2024,2024,IN,08,35.88
2024,2024,IN,09,29.89
2024,2024,KS,01,31.27
2024,2024,KS,02,19.68
2024,2024,KS,03,-4.1
2024,2024,KS,04,23.29
2024,2024,KY,01,47.3
2024,2024,KY,02,41.33
2024,2024,KY,03,-18.93
2024,2024,KY,04,35.56
2024,2024,KY,05,63.88
2024,2024,KY,06,15.03
2024,2024,LA,01,37.92
2024,2024,LA,02,-31.39
2024,2024,LA,03,44.77
2024,2024,LA,04,52.14
2024,2024,LA,05,36.27
2024,2024,LA,06,-14.98
2024,2024,MA,01,-13.62
2024,2024,MA,02,-23.68
2024,2024,MA,03,-18.98
2024,2024,MA,04,-19.72
2024,2024,MA,05,-45.17
2024,2024,MA,06,-20.68
2024,2024,MA,07,-63.1
2024,2024,MA,08,-26.41
2024,2024,MA,09,-10.77
2024,2024,MD,01,16.91
2024,2024,MD,02,-18.46
2024,2024,MD,03,-23.76
2024,2024,MD,04,-73.62
2024,2024,MD,05,-33.29
2024,2024,MD,06,-5.78
2024,2024,MD,07,-58.94
2024,2024,MD,08,-56.46
2024,2024,ME,01,-21.61
2024,2024,ME,02,9.05
2024,2024,MI,01,21.21
2024,2024,MI,02,30.08
2024,2024,MI,03,-7.83
2024,2024,MI,04,5.54
2024,2024,MI,05,27.02
2024,2024,MI,06,-23.3
2024,2024,MI,07,1.28
2024,2024,MI,08,1.98
2024,2024,MI,09,32.33
2024,2024,MI,10,6.55
2024,2024,MI,11,-16.09
2024,2024,MI,12,-37.96
2024,2024,MI,13,-41.06
2024,2024,MN,01,12.0
2024,2024,MN,02,-5.83
2024,2024,MN,03,-21.26
2024,2024,MN,04,-35.68
2024,2024,MN,05,-61.86
2024,2024,MN,06,19.67
2024,2024,MN,07,36.48
2024,2024,MN,08,14.29
2024,2024,MO,01,-57.19
2024,2024,MO,02,7.91
2024,2024,MO,03,26.72
2024,2024,MO,04,42.28
2024,2024,MO,05,-23.11
2024,2024,MO,06,38.86
2024,2024,MO,07,42.62
2024,2024,MO,08,54.08
2024,2024,MS,01,37.03
2024,2024,MS,02,-20.37
2024,2024,MS,03,29.18
2024,2024,MS,04,42.53
2024,2024,MT,01,11.55
2024,2024,MT,02,29.54
2024,2024,NC,01,3.1
2024,2024,NC,02,-33.85
2024,2024,NC,03,21.87
2024,2024,NC,04,-45.31
2024,2024,NC,05,17.77
2024,2024,NC,06,17.16
2024,2024,NC,07,13.83
2024,2024,NC,08,19.38
2024,2024,NC,09,15.85
2024,2024,NC,10,17.72
2024,2024,NC,11,9.5
2024,2024,NC,12,-46.2
2024,2024,NC,13,16.47
2024,2024,NC,14,15.08
2024,2024,ND,01,36.75
2024,2024,NE,01,13.05
2024,2024,NE,02,-4.62
2024,2024,NE,03,53.8
2024,2024,NH,01,-2.01
2024,2024,NH,02,-3.59
2024,2024,NJ,01,-18.73
2024,2024,NJ,02,12.56
2024,2024,NJ,03,-8.36
2024,2024,NJ,04,30.11
2024,2024,NJ,05,-1.51
2024,2024,NJ,06,-6.42
2024,2024,NJ,07,1.18
2024,2024,NJ,08,-24.18
2024,2024,NJ,09,1.14
2024,2024,NJ,10,-50.77
2024,2024,NJ,11,-8.71
2024,2024,NJ,12,-23.87
2024,2024,NM,01,-12.67
2024,2024,NM,02,1.81
2024,2024,NM,03,-5.2
2024,2024,NV,01,-2.26
2024,2024,NV,02,13.94
2024,2024,NV,03,0.73
2024,2024,NV,04,-2.32
2024,2024,NY,01,10.04
2024,2024,NY,02,13.92
2024,2024,NY,03,4.28
2024,2024,NY,04,-1.28
2024,2024,NY,05,-42.16
2024,2024,NY,06,-6.41
2024,2024,NY,07,-45.88
2024,2024,NY,08,-43.98
2024,2024,NY,09,-40.61
2024,2024,NY,10,-60.44
2024,2024,NY,11,24.37
2024,2024,NY,12,-63.6
2024,2024,NY,13,-59.28
2024,2024,NY,14,-31.76
2024,2024,NY,15,-48.25
2024,2024,NY,16,-33.11
2024,2024,NY,17,-0.56
2024,2024,NY,18,-3.33
2024,2024,NY,19,-1.78
2024,2024,NY,20,-14.15
2024,2024,NY,21,20.65
2024,2024,NY,22,-7.65
2024,2024,NY,23,21.02
2024,2024,NY,24,23.09
2024,2024,NY,25,-18.44
2024,2024,NY,26,-19.27
2024,2024,OH,01,-6.34
2024,2024,OH,02,47.58
2024,2024,OH,03,-40.24
2024,2024,OH,04,36.76
2024,2024,OH,05,29.26
2024,2024,OH,06,33.66
2024,2024,OH,07,10.64
2024,2024,OH,08,23.69
2024,2024,OH,09,6.71
2024,2024,OH,10,5.73
2024,2024,OH,11,-55.07
2024,2024,OH,12,32.74
2024,2024,OH,13,-0.05
2024,2024,OH,14,17.94
2024,2024,OH,15,9.2
2024,2024,OK,01,21.53
2024,2024,OK,02,55.62
2024,2024,OK,03,45.55
2024,2024,OK,04,33.24
2024,2024,OK,05,17.72
2024,2024,OR,01,-37.79
2024,2024,OR,02,27.14
2024,2024,OR,03,-45.98
2024,2024,OR,04,-12.07
2024,2024,OR,05,-8.54
2024,2024,OR,06,-11.38
2024,2024,PA,01,-0.32
2024,2024,PA,02,-35.74
2024,2024,PA,03,-77.32
2024,2024,PA,04,-15.8
2024,2024,PA,05,-28.63
2024,2024,PA,06,-11.4
2024,2024,PA,07,3.21
2024,2024,PA,08,8.5
2024,2024,PA,09,37.94
2024,2024,PA,10,5.23
2024,2024,PA,11,21.36
2024,2024,PA,12,-19.19
2024,2024,PA,13,45.54
2024,2024,PA,14,33.35
2024,2024,PA,15,37.96
2024,2024,PA,16,22.77
2024,2024,PA,17,-5.51
2024,2024,RI,01,-22.16
2024,2024,RI,02,-6.78
2024,2024,SC,01,13.01
2024,2024,SC,02,13.91
2024,2024,SC,03,43.07
2024,2024,SC,04,23.58
2024,2024,SC,05,22.78
2024,2024,SC,06,-22.68
2024,2024,SC,07,26.35
2024,2024,SD,01,29.19
2024,2024,TN,01,57.84
2024,2024,TN,02,33.86
2024,2024,TN,03,35.87
2024,2024,TN,04,43.58
2024,2024,TN,05,17.78
2024,2024,TN,06,35.21
2024,2024,TN,07,22.29
2024,2024,TN,08,41.13
2024,2024,TN,09,-43.4
2024,2024,TX,01,51.29
2024,2024,TX,02,23.79
2024,2024,TX,03,20.07
2024,2024,TX,04,32.59
2024,2024,TX,05,27.08
2024,2024,TX,06,28.54
2024,2024,TX,07,-20.77
2024,2024,TX,08,33.88
2024,2024,TX,09,-44.1
2024,2024,TX,10,24.83
2024,2024,TX,11,45.46
2024,2024,TX,12,22.6
2024,2024,TX,13,47.79
2024,2024,TX,14,34.05
2024,2024,TX,15,17.85
2024,2024,TX,16,-16.01
2024,2024,TX,17,29.24
2024,2024,TX,18,-39.81
2024,2024,TX,19,51.69
2024,2024,TX,20,-21.28
2024,2024,TX,21,23.64
2024,2024,TX,22,19.53
2024,2024,TX,23,15.53
2024,2024,TX,24,15.53
2024,2024,TX,25,36.34
2024,2024,TX,26,23.44
2024,2024,TX,27,29.67
2024,2024,TX,28,7.29
2024,2024,TX,29,-20.41
2024,2024,TX,30,-46.97
2024,2024,TX,31,23.27
2024,2024,TX,32,-23.75
2024,2024,TX,33,-33.77
2024,2024,TX,34,4.43
2024,2024,TX,35,-33.65
2024,2024,TX,36,36.78
2024,2024,TX,37,-49.34
2024,2024,TX,38,20.7
2024,2024,UT,01,20.04
2024,2024,UT,02,20.32
2024,2024,UT,03,19.31
2024,2024,UT,04,26.67
2024,2024,VA,01,4.94
2024,2024,VA,02,0.25
2024,2024,VA,03,-34.67
2024,2024,VA,04,-32.7
2024,2024,VA,05,12.28
2024,2024,VA,06,23.88
2024,2024,VA,07,-2.86
2024,2024,VA,08,-49.75
2024,2024,VA,09,44.06
2024,2024,VA,10,-8.36
2024,2024,VA,11,-34.29
2024,2024,VT,01,-31.77
2024,2024,WA,01,-28.7
2024,2024,WA,02,-23.66
2024,2024,WA,03,3.3
2024,2024,WA,04,20.67
2024,2024,WA,05,10.79
2024,2024,WA,06,-19.27
2024,2024,WA,07,-74.99
2024,2024,WA,08,-5.78
2024,2024,WA,09,-41.21
2024,2024,WA,10,-18.0
2024,2024,WI,01,4.51
2024,2024,WI,02,-40.15
2024,2024,WI,03,7.4
2024,2024,WI,04,-51.55
2024,2024,WI,05,22.15
2024,2024,WI,06,16.48
2024,2024,WI,07,22.5
2024,2024,WI,08,16.25
2024,2024,WV,01,44.36
2024,2024,WV,02,39.59
2024,2024,WY,01,46.22
